Term,Frequency
ba/bsc/hnd,747
lagos,519
ai,446
management,410
support,354
quality,323
systems,316
reports,280
analytics,275
3,255
develop,253
computer,252
2,248
solutions,245
development,238
project,237
services,232
ict,226
performance,218
technical,218
teams,217
1,214
customer,214
design,209
responsible,207
insights,204
5,182
identify,180
tools,178
role,178
product,177
across,175
processes,170
reporting,165
maintain,157
abuja,155
trends,154
analyst,153
requirements,153
stakeholders,150
analyze,149
build,144
engineering,144
projects,143
company,139
operations,127
models,121
mba/msc/ma,119
health,119
implement,118
complex,118
process,118
implementation,115
program,114
manage,110
closely,109
ability,109
opportunities,109
collection,107
working,107
4,106
drive,106
improve,106
issues,106
monitoring,105
research,104
maintenance,104
system,101
accuracy,99
learning,99
collaborate,99
database,99
range,99
products,98
perform,98
lead,97
sales,96
statistical,95
data-driven,95
marketing,95
science,94
programs,94
compliance,93
create,92
infrastructure,92
strong,92
year,91
based,91
client,91
decisions,89
senior,88
knowledge,88
software,87
training,86
providing,86
assist,85
databases,84
help,84
strategic,83
improvement,83
building,83
techniques,83
strategies,82
technology,82
internal,81
problems,81
developing,81
actionable,81
ond,81
review,79
interpret,79
customers,78
clients,78
phc,78
dashboards,77
patterns,76
integrity,75
delivery,75
organization,75
risk,75
global,75
implementing,75
large,73
recommendations,73
market,72
procedures,72
standards,72
best,72
report,72
objectives,72
analyses,71
policies,71
impact,71
entry,69
analytical,69
industry,69
managing,69
access,69
processing,69
monitor,69
secondary,69
control,68
partners,68
engineer,68
understanding,67
governance,67
growth,67
maintaining,66
supporting,66
financial,66
assigned,65
documents,65
order,64
conduct,63
findings,63
technologies,63
planning,63
daily,62
making,62
security,62
pipelines,61
/month,61
strategy,60
operational,60
service,60
staff,60
initiatives,60
analyzing,60
centre,59
existing,59
results,59
practices,59
government,59
effective,59
communication,58
meet,58
include,58
protection,58
network,57
critical,57
manager,57
deliver,56
appropriate,56
privacy,56
partner,55
expertise,55
power,55
timely,54
coordinate,54
usaid,54
environment,53
ideal,53
7,53
metrics,53
africa,53
leading,52
contribute,52
necessary,51
engineers,51
applications,51
improvements,51
enhance,50
digital,50
decision,50
users,50
collaboration,50
machine,49
changes,49
intelligence,49
production,48
identifying,48
optimize,48
take,48
task,48
communicate,47
education,47
seeking,47
expected,47
multiple,47
local,47
model,47
administration,47
creating,47
people,47
engagement,46
define,46
efficient,46
generate,46
bi,46
high,45
cross-functional,45
facilities,45
used,45
ngo/non-profit,45
tasks,45
programming,45
plans,45
visualization,45
architecture,45
school,45
position,44
leads,44
part,44
duties,44
value,44
6,44
cloud,44
test,44
predictive,43
user,43
external,43
accurate,43
diverse,43
sql,42
hr,42
leveraging,42
end,42
analysts,42
country,42
center,42
resources,42
records,42
outcomes,42
us,42
needed,42
mission,42
consulting,42
solution,42
monthly,41
checks,41
must,41
finance,41
warehouse,41
source,41
enterprise,40
efficiency,40
advanced,40
capacity,40
modeling,40
azure,40
functions,39
experienced,39
microsoft,39
office,39
leadership,39
strengthen,39
documentation,39
‚Ç¶1,39
data.fi,39
functional,38
areas,38
platform,38
scientists,37
problem,37
area,37
carry,37
ongoing,37
managers,37
requests,37
media,37
activity,37
contract,36
according,36
responsibilities,36
members,36
designing,36
track,36
‚Ç¶5,36
decision-making,35
storage,35
establish,35
presentations,35
collect,35
testing,35
audit,35
works,35
credit,35
ssce,35
google,34
effectively,34
optimization,34
capabilities,34
assurance,34
degree,34
code,34
least,34
generation,34
play,34
regular,34
apply,34
learn,34
evaluation,33
provides,33
regional,33
achieve,33
international,33
lga,33
effectiveness,33
errors,33
preparing,33
revenue,32
centres,32
future,32
extract,32
able,32
vision,32
platforms,32
rivers,32
bank,32
group,32
mastercard,32
others,31
assessment,31
present,31
indicators,31
plan,31
datasets,31
specific,31
framework,31
overall,31
gathering,31
would,31
update,31
computer‚,31
throughout,31
manner,31
scalable,31
structures,31
8,31
grow,31
python,30
focus,30
excel,30
evaluate,30
reviews,30
share,30
and/or,30
weekly,30
ad-hoc,30
produce,30
assess,30
transformation,30
delivering,30
procurement,30
good,30
hiv,30
professional,29
levels,29
driving,29
algorithms,29
equipment,29
successful,29
analysing,29
national,29
big,29
etl,29
current,29
reliable,29
solving,29
attention,29
assistance,29
correct,29
insight,29
unit,29
keep,29
statistics,28
set,28
passionate,28
line,28
assets,28
departments,28
improving,28
pipeline,28
automated,28
department,28
innovation,28
designs,28
bauchi,28
organize,27
installation,27
address,27
methods,27
integration,27
dc,27
specifications,27
internships,27
variety,27
content,27
mechanical,27
assisting,27
execution,27
mining,27
covid-19,27
opportunity,26
businesses,26
change,26
conducting,26
preparation,26
challenges,26
feedback,26
basis,26
optimizing,26
secretarial,26
reviewing,26
implemented,26
ihp,26
core,26
officer,25
units,25
regulations,25
availability,25
end-to-end,25
execute,25
aws,25
document,25
raw,25
visualizations,25
organisation,25
specialist,25
skilled,25
essential,25
teaching,25
clean,25
demand,25
important,25
way,25
kpis,25
hmis,25
culture,25
towards,25
guidance,25
resolution,25
automation,25
responsibility,25
five-year,25
supply,24
participate,24
expert,24
point,24
collecting,24
head,24
accounting,24
organizational,24
goals,24
clear,24
act,24
files,24
innovative,24
public,24
problem-solving,23
devices,23
modelling,23
experiences,23
recommend,23
around,23
continuous,23
one,23
portfolio,23
transform,23
inventory,23
complete,23
master,23
high-quality,23
detail,23
leverage,23
enable,23
translate,23
volunteering,23
seeks,23
colleagues,23
need,23
commercial,23
gaps,23
defined,23
purpose,23
care,23
analytic,23
locate,23
minimum,22
supervision,22
creation,22
locations,22
payments,22
course,22
cross,22
first,22
oversee,22
retail,22
via,22
surveys,22
oyo,22
‚Ç¶3,22
ad,22
migration,22
integrated,22
policy,22
talented,22
private,22
administrative,22
configuration,22
solve,21
world,21
optimal,21
deep,21
base,21
potential,21
concepts,21
performing,21
quantitative,21
highly,21
efforts,21
priorities,21
deliverables,21
action,21
materials,21
you‚Äôll,21
advertising,21
officers,21
director,20
gather,20
contact,20
dynamic,20
facility,20
engage,20
meetings,20
site,20
acquisition,20
asset,20
compile,20
interpreting,20
response,20
respond,20
passion,20
personal,20
troubleshooting,20
enabling,20
relationships,20
robust,20
controls,20
approach,20
ways,20
analyse,20
wide,20
queries,20
scientist,20
individual,20
proper,20
regarding,20
leaders,20
goal,20
sustain,20
direct,19
he/she,19
distribution,19
detection,19
detailed,19
practice,19
students,19
ogun,19
crucial,19
cleaning,19
ensures,19
coordination,19
in-depth,19
growing,19
consumer,19
per,19
collected,19
applicable,19
employees,19
updates,19
satisfaction,19
undertake,19
cleansing,19
driven,19
fast,19
format,19
borno,19
scripts,19
tests,19
updating,19
ndpr,19
handling,18
and‚,18
written,18
meaningful,18
directly,18
up-to-date,18
s/he,18
involves,18
advantage,18
ikeja,18
journey,18
validation,18
available,18
could,18
tracking,18
function,18
extraction,18
ownership,18
deployment,18
check,18
come,18
liaise,18
mobile,18
determine,18
databases/data,18
routine,18
excellent,17
frameworks,17
physical,17
points,17
life,17
prioritize,17
account,17
involved,17
possess,17
troubleshoot,17
kano,17
includes,17
close,17
chain,17
bring,17
the‚,17
consistency,17
follow,17
success,17
guidelines,17
markets,17
organizing,17
better,17
following,17
combine,17
stock,17
experts,17
helping,17
interventions,17
supports,17
subject,17
aim,17
ebonyi,17
store,17
target,17
application,17
scope,17
regularly,17
e,17
palladium,17
advisor,17
filter,17
r,17
proven,16
limited,16
employee,16
cost,16
roles,16
recovery,16
guide,16
direction,16
questions,16
courses,16
qualitative,16
remote,16
stage,16
sokoto,16
advising,16
drawings,16
nce,16
components,16
every,16
possible,16
valuable,16
coordinating,16
structured,16
teaching‚,16
deploy,16
pricing,16
architect,16
companies,16
graphs,16
in-house,16
develops,16
view,16
find,16
uk,16
acquire,16
victoria,16
island,16
liaison,16
construction,16
programmatic,16
regulatory,16
professionals,16
young,16
emerging,15
addition,15
details,15
disciplines,15
inform,15
stay,15
central,15
made,15
proactively,15
propose,15
adherence,15
delivered,15
risks,15
cases,15
record,15
're,15
descriptive,15
established,15
helps,15
governments,15
junior,15
motivated,15
‚Ç¶15,15
operation,15
targeting,15
standard,15
major,15
right,15
keeping,15
operating,15
hire,15
hands-on,15
erp,15
vendors,15
supervisor,15
verify,15
electronic,15
mel,15
on-site,15
real,15
approved,15
annual,15
retention,15
writing,15
fops,15
developers,15
informing,15
roaming,15
globe,15
monetization,14
priority,14
career,14
adequate,14
providers,14
assessments,14
targets,14
sessions,14
completed,14
web,14
abia,14
river,14
excellence,14
accordance,14
distributed,14
languages,14
methodologies,14
criteria,14
‚Ç¶2,14
domain,14
banking,14
features,14
agile,14
flow,14
continuously,14
makes,14
candidates,14
legal,14
performs,14
promote,14
loyalty,14
traditional,14
mentor,14
discipline,14
thinking,14
email,14
lekki,14
already,14
dashboard,14
confidential,14
quarterly,14
sustainably,14
ward,14
c,14
gon,14
top,14
numbers,14
together,14
represent,14
consistent,14
study,14
capture,14
accelerate,14
countries,14
interest,14
turn,14
proficiency,13
scaling,13
generating,13
want,13
kpi,13
interact,13
accurately,13
ondo,13
collaborating,13
talent,13
familiarity,13
edo,13
audits,13
write,13
mine,13
foundation,13
completeness,13
verification,13
comprehensive,13
person,13
facilitate,13
delta,13
human,13
analyzes,13
warehousing,13
strengthening,13
electrical,13
summary,13
'll,13
done,13
focused,13
proposals,13
evaluating,13
periodic,13
offices,13
applying,13
hoc,13
usaid-funded,13
state-level,13
reductions,13
child,13
maternal,13
morbidity,13
mortality,13
intentionally,13
overlay,13
commodities,13
coding,13
utilize,13
measurement,13
sound,13
phd/fellowship,13
run,13
communications,13
items,13
confidentiality,13
technically,13
aspects,13
beyond,13
advise,13
server,12
overseeing,12
parties,12
connect,12
crm,12
serve,12
contractors,12
investigations,12
incidents,12
executive,12
upon,12
outputs,12
utilizing,12
reliability,12
associated,12
custom,12
channels,12
transition,12
hardware,12
architects,12
designers,12
secure,12
constantly,12
presenting,12
output,12
prediction,12
schedules,12
relationship,12
space,12
capability,12
matter,12
community,12
automate,12
landscape,12
individuals,12
accounts,12
coordinators,12
added,12
defining,12
engagements,12
insurance,12
costs,12
vendor,12
agency,12
formats,12
investments,12
environmental,12
proactive,12
align,12
b,12
sector,12
competitive,12
shaping,12
supervise,12
thorough,12
collate,12
funded,12
epidemic,12
achievements,12
matters,12
player,12
egr,12
ms,11
incumbent,11
setting,11
approaches,11
general,11
fire,11
contracts,11
flexible,11
collaborative,11
reading,11
responses,11
provided,11
expectations,11
medical,11
teach,11
computing,11
apis,11
networks,11
kebbi,11
programme,11
phone,11
offer,11
largest,11
forecast,11
upgrade,11
cards,11
handle,11
integrate,11
unstructured,11
cycle,11
status,11
currently,11
without,11
consultants,11
laws,11
long-term,11
federal,11
ranging,11
party,11
actions,11
focal,11
sort,11
usage,11
special,11
objective,11
met,11
ngo/non-profit‚,11
states,11
studies,11
remediation,11
company‚Äôs,11
open,11
tech,11
clearly,11
assists,11
identification,11
actively,11
class,11
‚Äúclean‚Äù,11
thought,11
additional,11
third,11
concept,11
entered,11
u.s.,11
scale,11
agencies,11
reconciliation,11
survey,10
input,10
context,10
ideas,10
e.g,10
cabling,10
back,10
excited,10
efficiencies,10
cooling,10
sites,10
setup,10
terms,10
contractor,10
faults,10
schedule,10
preventive,10
bachelor,10
cutting-edge,10
travel,10
designated,10
give,10
online,10
osun,10
someone,10
successfully,10
interested,10
aimed,10
contributing,10
informed,10
two,10
principles,10
basic,10
pivotal,10
parts,10
a/b,10
sense,10
explore,10
experimentation,10
highest,10
attribution,10
conditions,10
prepares,10
identifies,10
generated,10
sustainable,10
think,10
progress,10
even,10
day,10
amounts,10
assignments,10
short,10
forecasts,10
consultant,10
obtain,10
comply,10
phases,10
lifecycle,10
requires,10
warehouses,10
single,10
escalate,10
germany,10
methodology,10
templates,10
integrating,10
transfer,10
requested,10
entering,10
require,10
website,10
none,10
dedicated,10
certification,10
receive,10
niger,10
student,10
funding,10
facts,10
manual,10
rich,10
categories,10
unique,10
perspective,10
gis,10
assessing,10
katsina,10
uncover,10
printouts,10
measure,10
regions,10
session,10
initiative,10
odoo,10
serving,10
south,10
conducted,10
truly,10
verbal,9
instructor,9
backup,9
cable,9
continuity,9
disaster,9
planned,9
groups,9
adoption,9
properly,9
forms,9
engaging,9
informatics,9
newglobe,9
environments,9
anambra,9
selected,9
upgrades,9
tableau,9
load,9
calculations,9
measures,9
evidence,9
taraba,9
maintains,9
modifications,9
comfortable,9
logistics,9
automating,9
establishing,9
experiments,9
conclusions,9
capturing,9
budget,9
amazon,9
resource,9
cooperation,9
gas,9
organizations,9
types,9
specifically,9
payment,9
prior,9
workflows,9
executing,9
exercise,9
search,9
attend,9
identified,9
validate,9
collation,9
utilization,9
ikoyi,9
entire,9
case,9
charts,9
monitors,9
pioneering,9
interface,9
commitments,9
request,9
period,9
oversight,9
spreadsheets,9
behaviors,9
cx,9
churn,9
prevent,9
netherlands,9
carried,9
visual,9
packages,9
curriculum,9
hse,9
helpful,9
predictions,9
data-related,9
trainer,9
many,9
exciting,9
numerical,9
place,9
bachelor‚Äôs,9
text,9
branding,9
oem,9
acceptance,9
regardless,9
architectural,9
partnership,9
learners,9
powerful,9
centered,9
enterprises,9
options,9
attitude,9
anywhere,9
orientation,9
respect,9
meeting,9
personnel,9
advertisers,9
gain,8
shall,8
efficiently,8
scalability,8
workforce,8
enter,8
statements,8
resolve,8
rapidly,8
stakeholder,8
organized,8
full-time,8
allow,8
member,8
consultancy,8
holder,8
architectures,8
for‚,8
aligns,8
protocols,8
behavior,8
significant,8
self,8
orders,8
operate,8
verifying,8
everything,8
sharing,8
several,8
third-party,8
purchase,8
apps,8
invoices,8
social,8
investigate,8
values,8
redshift,8
incomplete,8
enforce,8
rules,8
broad,8
devise,8
accountability,8
workshops,8
grade,8
days,8
safety,8
advice,8
influence,8
rely,8
move,8
normalization,8
train,8
end-users,8
certificate,8
kwara,8
functionality,8
final,8
developer,8
completion,8
audiences,8
epidemics,8
fixing,8
meaning,8
diagnosis,8
presentation,8
greater,8
metadata,8
collections,8
energy,8
commissioning,8
campaign,8
taking,8
audience,8
simple,8
retrieval,8
sharepoint,8
revolution,8
revising,8
participates,8
empower,8
follows,8
budgetary,8
deficiencies,8
expedite,8
community/local,8
epidemiologic,8
expedites,8
attain,8
host,8
sustaining,8
treatment,8
imo,8
diageo,8
differentiator,8
test-and-learn,8
specializing,8
retailers,8
airlines,8
garnered,8
transaction,8
broader,8
forward,8
multi-disciplinary,8
demonstrates,8
millions,8
profitable,8
result,8
europe,8
asia,8
switzerland,8
bbc,8
freelancer,8
demonstrated,7
real-time,7
bank‚Äôs,7
chief,7
structure,7
inspire,7
servers,7
cisco,7
device,7
rigorous,7
abreast,7
healthcare,7
ethical,7
agreements,7
hold,7
suitable,7
aid,7
questionnaires,7
shape,7
reach,7
ekiti,7
eager,7
balance,7
additionally,7
inputs,7
donor,7
administer,7
events,7
plateau,7
language,7
feature,7
nutrition,7
ibadan,7
background,7
data‚,7
to‚,7
compiling,7
proficient,7
transforming,7
precision,7
capital,7
productivity,7
forecasting,7
decommissioning,7
fibre,7
databricks,7
fully,7
impactful,7
roadmap,7
anomaly,7
prescriptive,7
mathematical,7
employment,7
motivate,7
jobs,7
suppliers,7
material,7
benue,7
either,7
profitability,7
size,7
intern,7
cash,7
advance,7
agenda,7
query,7
protocol,7
corporate,7
collaboratively,7
interpretation,7
reported,7
eye,7
recommendation,7
increasing,7
independently,7
fast-paced,7
devops,7
participating,7
selection,7
troubleshoots,7
pathways,7
webcast,7
customer‚Äôs,7
inquiries,7
enhancing,7
adhere,7
investigation,7
nmp,7
retrieve,7
amazing,7
manipulate,7
tracks,7
dia,7
intelligent,7
sizes,7
practical,7
demographics,7
pain,7
customers‚Äô,7
suggest,7
adamawa,7
educational,7
kaduna,7
developed,7
fill,7
hours,7
inspection,7
readable,7
stating,7
steps,7
entries,7
ups,7
fit,7
competitiveness,7
sell,7
corrective,7
campaigns,7
logic,7
great,7
get,7
brand,7
managed,7
love,7
stata,7
mentoring,7
vertiv,7
exceptional,7
guiding,7
contributes,7
consultancy‚,7
sap,7
insightful,7
hard,7
incident,7
due,7
modern,7
win,7
running,7
toip,7
video,7
icrm,7
channel,7
provider,7
takes,7
enugu,7
teacher,7
filing,7
subjects,7
inception,7
presence,7
instill,7
bringing,7
prosperity,7
benefiting,7
21st,7
century,7
emergence,7
mcf,7
engines,7
fulfilling,7
item,7
waste,7
previous,6
launching,6
guides,6
achieved,6
switches,6
cables,6
port,6
tailored,6
clauses,6
timelines,6
inspections,6
accountable,6
mathematics,6
fields,6
useful,6
akwa,6
ibom,6
streams,6
definition,6
communicating,6
trainings,6
enhancements,6
with‚,6
applicants,6
ssis,6
factory,6
programmes,6
supportive,6
smart,6
tier,6
visualize,6
15,6
purposes,6
e.g.,6
embedded,6
selecting,6
stack,6
inputting,6
finding,6
prototypes,6
documenting,6
acting,6
mix,6
draw,6
mapping,6
appropriately,6
lessons,6
learned,6
next,6
outside,6
mindset,6
suggestions,6
given,6
nature,6
administrator,6
oil,6
meets,6
vast,6
five,6
partnerships,6
aligned,6
among,6
expanding,6
shop,6
willingness,6
live,6
world‚Äôs,6
preprocess,6
liaising,6
machine-learning,6
involve,6
collectors,6
resolving,6
awareness,6
perfect,6
recurring,6
loading,6
re/pt,6
print,6
plus,6
law,6
articulate,6
distribute,6
kenya,6
high-performing,6
eea,6
rise,6
scheduled,6
designed,6
living,6
difficult,6
week,6
transactions,6
postings,6
total,6
focuses,6
",/month",6
ehs,6
interactions,6
factors,6
compelling,6
fct,6
emphasis,6
exploring,6
benefits,6
codes,6
data2bots,6
ml,6
workstreams,6
removing,6
reorganizing,6
data-analysis,6
inconsistencies,6
provision,6
integrator,6
expand,6
day-to-day,6
know,6
store-keeping,6
acquiring,6
attending,6
bold,6
implementations,6
often,6
category,6
formulas,6
cultivate,6
preferred,6
13,6
non-technical,6
diesel,6
preferably,6
hnd,6
serves,6
targeted,6
secretarial‚,6
conform,6
ai/ml,6
date,6
maximize,6
incompatibilities,6
breaches,6
responding,6
inclusion,6
ip,6
african,6
sure,6
issue,6
bid,6
delivers,6
objectively,6
discovering,6
topics,6
runs,6
commercially,6
buildings,6
closure,6
structural,6
planet,6
edge,6
underwriting,6
translating,6
bayelsa,6
everyone,6
humanitarian,6
registers,6
dqa,6
dignified,6
pupils,6
standards-based,6
iceg,6
article,6
nanodegree,6
controlling,6
shapes,6
relational,5
lines,5
b.sc,5
especially,5
demonstrate,5
routers,5
fraud,5
welcome,5
detect,5
division,5
certified,5
route,5
submit,5
assignment,5
coach,5
aptitude,5
inclusive,5
datawarehouse,5
willing,5
large-scale,5
backups,5
kogi,5
specialized,5
backend,5
manipulation,5
teamwork,5
lake,5
three,5
initiate,5
pre-sales,5
region,5
proposition,5
electric,5
multi,5
maximum,5
sensitive,5
yaba,5
incoming,5
optimise,5
adjustments,5
repayment,5
updated,5
expansion,5
schema,5
tables,5
app,5
alongside,5
construct,5
trust,5
creates,5
workplace,5
complaints,5
requirement,5
realize,5
link,5
fuel,5
aligning,5
partnering,5
gdpr,5
stream,5
encourage,5
payroll,5
competitors,5
attract,5
tool,5
storing,5
accessible,5
derive,5
authorities,5
promoting,5
colocation,5
brands,5
discover,5
seek,5
internship,5
abilities,5
keen,5
s3,5
kafka,5
teaching/training,5
shell,5
requisite,5
term,5
periodically,5
scan,5
2-3,5
paced,5
elt,5
fostering,5
seamlessly,5
continually,5
version,5
prompt,5
adhered,5
uganda,5
solar,5
balances,5
mis,5
statement,5
food,5
enrolment,5
covered,5
in-country,5
leave,5
hq,5
estimated,5
loves,5
enjoy,5
dealing,5
achievement,5
gombe,5
intuition,5
deletion,5
imported,5
adept,5
addressing,5
logical,5
extracting,5
defines,5
coordinates,5
manages,5
leader,5
ajah,5
corrupted,5
behaviour,5
well-organized,5
hub,5
installations,5
offers,5
hypotheses,5
deadlines,5
convey,5
roadmaps,5
rock,5
stars,5
reveal,5
newglobe‚Äôs,5
schools,5
rest,5
achieving,5
surulere,5
oracle,5
finacle,5
instruments,5
hvac,5
upgraded,5
sla,5
copies,5
spares,5
downstream,5
cr,5
laboratory,5
lesson,5
organise,5
nigerian,5
consumers,5
list,5
medium,5
insert,5
limits,5
scorecards,5
best-in-class,5
citi‚Äôs,5
citi,5
reducing,5
connectivity,5
room,5
safe,5
challenging,5
industrial,5
voice,5
packet,5
vital,5
launches,5
traffic,5
prevention,5
worldwide,5
classroom,5
communities,5
unlock,5
vis-„,5
-vis,5
we‚Äôre,5
da,5
high-level,5
scheme,5
analyzed,5
bsc,5
zamfara,5
rhdhv,5
usually,5
regulation,5
card,5
quickly,5
acquire‚,5
predict,5
freelance,5
qa,5
nasarawa,5
graduate,5
i.e,5
scenarios,5
client/,5
objectives/requirements,5
pay,5
9,5
members‚Äô,5
pride,5
business-focused,5
teammates,5
skillset,5
built,5
reference,5
extending,5
english,5
enabled,5
android,5
billions,5
example,5
last,5
mile,5
backgrounds,5
imagine,5
planner,5
max,5
clients‚Äô,5
continent,5
jigawa,5
supervises,5
posted,5
outsourcing,5
stories,5
bha,5
independent,5
committed,5
lamis,5
pmtct,5
ambitious,5
wellbeing,5
regards,5
offerings,5
biggest,5
ecosystem,4
extensive,4
dissemination,4
better-informed,4
educate,4
part-time,4
ipnx,4
tape,4
peripheral,4
segmentation,4
long,4
adhering,4
heat,4
smoke,4
suppression,4
corrections,4
builds,4
specified,4
agents,4
event,4
generative,4
interviews,4
informative,4
tradition,4
pressure,4
tasked,4
facilitating,4
newly,4
validity,4
cycles,4
maps,4
handling/assisting,4
interfaces,4
libraries,4
preprocessing,4
demonstrable,4
latest,4
months,4
segment,4
solid,4
benefit,4
compensation,4
tooling,4
settings,4
repairs,4
harcourt,4
lending,4
scoring,4
concise,4
failed,4
legacy,4
another,4
hand,4
modular,4
rapport,4
stores,4
kora‚Äôs,4
kora,4
researching,4
visibility,4
supervised,4
art,4
consumption,4
tat,4
characteristics,4
sciences,4
consent,4
owners,4
influencing,4
gps,4
marketplace,4
compiles,4
explaining,4
benchmarks,4
qualified,4
recruiting,4
fmcg,4
held,4
attributes,4
whole,4
rights,4
centers,4
globally,4
dcpd,4
bids,4
gateway,4
cto,4
self-starter,4
ambiguity,4
changing,4
accessibility,4
fluency,4
pre-processing,4
api,4
typing,4
interview,4
examine,4
follow-up,4
promptly,4
organization‚Äôs,4
bms,4
step,4
spark,4
airflow,4
formatting,4
aims,4
evaluation/data,4
small,4
top-notch,4
strive,4
mtnn,4
telecoms,4
innovate,4
emr,4
arise,4
infrastructures,4
expense,4
exceed,4
avoid,4
chf,4
depending,4
pension,4
fees,4
contribution,4
luggage,4
36,4
prioritizes,4
positive,4
discrepancies,4
explanations,4
artificial,4
claims,4
premium,4
claim,4
notes,4
integral,4
comparing,4
paperwork,4
lost,4
money,4
easily,4
trade,4
error,4
iterative,4
improved,4
‚Ç¶75,4
exploratory,4
leaving,4
anomalies,4
root,4
reduce,4
specialists,4
particular,4
ambition,4
lives,4
joint,4
consider,4
ethiopia,4
rates,4
correction,4
submission,4
familiarize,4
project‚Äôs,4
taken,4
promotion,4
telecommunications,4
exposure,4
capable,4
answer,4
drives,4
discussions,4
handles,4
assessed,4
compared,4
periods,4
minutes,4
representing,4
visits,4
escalations,4
phones,4
home,4
bob,4
sellercenter,4
formal,4
informal,4
hear,4
coaching,4
gbagada,4
is‚,4
spatial,4
optimized,4
connecting,4
forefront,4
resolved,4
age,4
gcp,4
raise,4
cls,4
covering,4
ordering,4
maximizing,4
synthesize,4
impacting,4
understood,4
exchange,4
ep,4
exp,4
departmental,4
directors,4
demands,4
tepng,4
emergency,4
unsafe,4
iyana,4
ipaja,4
producing,4
syllabus,4
expectation,4
quizzes,4
teaches,4
carefully,4
revises/updates,4
structuring,4
straightforward,4
fashion,4
larger,4
filed,4
replacement,4
times,4
bodies,4
streamlining,4
malfunctions,4
amount,4
powerbi,4
ground,4
firm,4
investigating,4
transparency,4
pertaining,4
alignment,4
procedural,4
easy,4
correcting,4
conjunction,4
vc,4
transferred,4
presented,4
repeat,4
container,4
canonical,4
free,4
compliant,4
foster,4
predicting,4
utilisation,4
world-class,4
discuss,4
difference,4
quantitatve,4
volunteering‚,4
relating,4
compact,4
sub-saharan,4
solved,4
mel/hmis,4
dms,4
understandable,4
coverage,4
executives,4
highlight,4
state-of-the-art,4
determines,4
team‚Äôs,4
jobs‚,4
revenues,4
deal,4
diagrams,4
initial,4
reservations,4
coordinated,4
sign,4
tendering,4
anticipate,4
initiates,4
decide,4
picture,4
confidence,4
resistance,4
composition,4
verbally,4
motivates,4
superior,4
cross-sell,4
contracting,4
urgency,4
empowerment,4
thoughtful,4
motivators,4
honesty,4
brings,4
table,4
prepare/assist,4
batch,4
systemic,4
schemes,4
connections,4
consume,4
manipulating,4
sheet,4
greenlight,4
ui/ux,4
cutting,4
underserved,4
digitization,4
spread,4
continents,4
abstraction,4
minded,4
suggesting,4
look,4
affordable,4
reached,4
artisans,4
carrying,4
advisors,4
pitches,4
strategists,4
connection,4
duty,4
ledger,4
near,4
second-level,4
reconciliations,4
benchmarking,4
reward,4
off-roll,4
chipper,4
breakdowns,4
workplan,4
creative,4
known,4
succeed,4
cultures,4
trusted,4
industries,4
us‚,4
tbas,4
ghana,4
vocational,4
transcend,4
trend,4
manufacturing,4
snr,4
dpia,4
pursuant,4
4.5,4
acquired,4
create/use,4
seminars,4
conferences,4
self-learning,4
contained,4
fmn,4
please,4
maersk,4
clinical,4
turner,4
townsend,4
massive,4
combined,4
refreshing,4
researchers,4
under-listed,4
render,4
rendered,4
4+,3
harmonization,3
representatives,3
suite,3
competence,3
virtual,3
fabric,3
wan,3
firewalls,3
mind,3
savings,3
air,3
strict,3
method,3
capacities,3
sustainability,3
failure,3
equivalent,3
sample,3
digestible,3
participants,3
crafting,3
plays,3
instrumental,3
coordinator,3
his/her,3
evidence-based,3
onitsha,3
charge,3
hadoop,3
nosql,3
or‚,3
natural,3
.‚,3
academic,3
peer,3
data-informed,3
constructing,3
effort,3
moniepoint,3
scheduling,3
consistently,3
cnc,3
parameters,3
registrar,3
protect,3
install,3
modules,3
tickets,3
spare,3
deploying,3
encompasses,3
crime,3
curate,3
wrangle,3
turning,3
self-service,3
budgeting,3
notifications,3
trucks,3
compute,3
mushin,3
dg,3
listings,3
e-commerce,3
hris,3
hiring,3
turnover,3
recommends,3
retain,3
..,3
cloud-based,3
usable,3
cleanse,3
thematic,3
border,3
migrants,3
actors,3
ultimately,3
conversions,3
specialised,3
preferences,3
frontier,3
comfort,3
savvy,3
ensemble,3
3rd,3
questionnaire,3
mobilization,3
possesses,3
deployments,3
validating,3
checking,3
lambda,3
glue,3
docker,3
kubernetes,3
workflow,3
pvt,3
scin,3
export,3
reservoir,3
aggregates,3
number,3
active,3
assumptions,3
affect,3
become,3
relate,3
truth,3
tactical,3
contingency,3
expanded,3
links,3
approval,3
income,3
tax,3
salaries,3
determined,3
property,3
receipts,3
price,3
innovations,3
certificates,3
circulate,3
generates,3
weeks,3
authorization,3
drafting,3
paper,3
we‚Äôd,3
inferences,3
outcomes.‚,3
clerks,3
monitored,3
outlining,3
package,3
count,3
dq,3
tight,3
upstream,3
‚Äúknow,3
‚Äù,3
‚Äúdo,3
hands-on‚Äù,3
‚Äúlive,3
curator,3
owners/data,3
stewards,3
usability,3
toward,3
captured,3
internal/external,3
reduction,3
internationally,3
publish,3
mining/data,3
profiles,3
deeper,3
causes,3
knack,3
streamline,3
movements,3
dimensional,3
interests,3
envisioning,3
sophisticated,3
backlog,3
testable,3
yobe,3
mentorship,3
supervisors,3
caas,3
translation,3
mongodb,3
of‚,3
workstream,3
east,3
typical,3
14,3
auditing,3
windows,3
re-designing,3
palladium‚Äôs,3
standardized,3
encountered,3
infrastructure-as-code,3
game,3
know-how,3
lookout,3
back-end,3
minimize,3
transactional,3
figure,3
launch,3
assigning,3
heads,3
involving,3
submitting,3
uses,3
judgement,3
explain,3
disseminating,3
internet,3
builders,3
boundaries,3
talents,3
conversion,3
authoring,3
created,3
validations,3
grouping,3
carryout,3
sc,3
websites,3
ikorodu,3
participation,3
interfacing,3
constant,3
figures,3
mea,3
front,3
ceo/cio/cfo,3
distributors,3
empowers,3
itil,3
dbms,3
visually,3
refine,3
positioning,3
synapse,3
ingestion,3
primarily,3
water,3
slas,3
mostly,3
disease,3
nbsp,3
agreed,3
supplies,3
maintained,3
onsite,3
highlighting,3
communicates,3
flows,3
pulling,3
formulate,3
continue,3
versatile,3
liaises,3
in‚,3
a‚,3
service‚,3
dashboards/reports,3
offshore,3
pi,3
complicated,3
file,3
skill,3
mitigation,3
desired,3
replacing,3
fiber,3
recording,3
postgraduate,3
reconcile,3
consult,3
interswitch‚Äôs,3
backed,3
viability,3
fleet,3
derived,3
archiving,3
packaging,3
diagnostic,3
connects,3
kpmg,3
minimizing,3
snowflake,3
cost-effective,3
sorting,3
received,3
amongst,3
immediate,3
technicians,3
airtel,3
ci/cd,3
architecting,3
operates,3
searching,3
shift,3
cbo,3
verifications,3
template,3
visualisations,3
briefs,3
pupil,3
census,3
proposing,3
cover,3
lgas,3
combining,3
consolidation,3
wakanow,3
tracker,3
verifies,3
subcutaneous,3
story,3
excites,3
bridge,3
mainone,3
release,3
temporary,3
transformed,3
prioritization,3
inherent,3
phenomena,3
algorithmic,3
visualisation,3
fhi,3
similar,3
station,3
regulators,3
face,3
calls,3
trending,3
dictionary,3
penetration,3
drafts,3
polls,3
recommend‚,3
illustrating,3
going,3
utilities,3
floor,3
located,3
stears,3
dcms,3
carrier,3
maintainability,3
cleanrooms,3
wet,3
drainage,3
lifts,3
steam,3
oxygen,3
estimation,3
estimates,3
acceptable,3
targets/outputs,3
expressions,3
dwow,3
funnel,3
investigative,3
measuring,3
issuing,3
inbound,3
outbound,3
branding‚,3
disseminate,3
banking‚,3
refining,3
mechanisms,3
carbon,3
divisions,3
listing,3
pitching,3
individually,3
creatively,3
zoom,3
coming,3
cause,3
health-tech,3
preservation,3
selling,3
proof,3
nielsen,3
box,3
start,3
exploration,3
plant,3
nine,3
controlled,3
qualify,3
prototype,3
considered,3
diligent,3
dcim,3
andela‚Äôs,3
institutions,3
appetite,3
gender,3
equality,3
belongs,3
energy-efficient,3
obligations,3
usaid/nigeria,3
allocation,3
educating,3
they‚Äôre,3
fun,3
tomorrow,3
fintech,3
next-generation,3
tek,3
thrive,3
rule,3
protects,3
andela,3
dynamics,3
portfolios,3
missing,3
pediatric,3
spoke,3
connected,3
charged,3
annually,3
northeast,3
time.‚,3
shared,3
assign,3
catalyst,3
spur,3
opened,3
rwanda,3
senegal,3
youth,3
educators,3
funders,3
force,3
entrepreneurs,3
seekers,3
else,3
curiosity,3
laugh,3
read,3
select,3
second,3
early,3
context-appropriate,3
literacy,3
p1-2,3
reform,3
school-community,3
equity,3
sustained,3
gains,3
therefore,3
introduce,3
cost-,3
intervention,3
contexts,3
garnishee,3
diversity,3
becomes,3
investigated,3
company-wide,3
handpicked,3
virtually,3
lectures,3
check-in,3
progress.‚,3
enrol,3
recruit,3
swift,3
mdx-i,3
non-critical,3
electro-mechanical,3
provisioning,3
believe,3
reverse,3
staging,3
iccm,3
caps,3
relationship-building,3
google-caliber,3
persistently,3
thousands,3
high-impact,3
bird‚Äôs,3
occurring,3
shifts,3
uniquely,3
situated,3
instantly,3
airtime,3
bill,3
bundles,3
pandas,2
entrepreneurial,2
harmonized,2
principal,2
publication,2
cdo,2
sectors,2
blueprint,2
face-to-face,2
telephone,2
layout,2
appliances,2
hyper,2
converged,2
nutanix,2
ucs,2
rated,2
3kva,2
san,2
kvm,2
power/network,2
repeatability,2
negotiate,2
collocated,2
collocation,2
enforcing,2
conditioning,2
index,2
pop,2
bcp,2
threats,2
papers,2
real-world,2
dive,2
paths,2
fieldwork,2
obtaining,2
whether,2
photography,2
interpersonal,2
demonstrating,2
extends,2
impact‚Äôs,2
healthcare‚,2
environs,2
immediately,2
debugging,2
modifying,2
tuning,2
privileges,2
java,2
restful,2
nlp,2
studio,2
adf,2
î,2
unicef,2
12,2
capitalizing,2
inside,2
differentiating,2
schneider,2
bu,2
ops,2
insights‚,2
detail-oriented,2
lack,2
machines,2
machining,2
selections,2
embark,2
combination,2
collector,2
racking,2
break-fix,2
swap,2
copper,2
networking,2
patching,2
labelling,2
repair,2
assembling,2
cleanliness,2
encryption,2
timeliness,2
faster,2
squads,2
high-performance,2
learning‚,2
each‚,2
big-data,2
no-sql,2
squad,2
build‚,2
align‚,2
handled,2
measured,2
harnessing,2
developments,2
ascertain,2
discoveries,2
sizing,2
post-launch,2
multivariate,2
clustering,2
truck,2
return,2
turnaround,2
hod,2
climate,2
road,2
population,2
successes,2
si,2
dam,2
sme,2
authority,2
executed,2
gtm,2
warri,2
labor,2
reasonable,2
staffing,2
facilitates,2
classification,2
isams,2
regard,2
ngos,2
mdxi,2
allied,2
environmentally,2
outdoor,2
varied,2
breaks,2
sr,2
propensities,2
vp,2
global-scale,2
lasting,2
experience/direct,2
shows,2
sometimes-challenging,2
stressful,2
applies,2
‚Äúhacker,2
mindset‚Äù,2
unsolved,2
full-stack,2
vs,2
sending,2
waybill,2
filling,2
invoice,2
banks,2
icon,2
undertaking,2
orchestrate,2
largely,2
administering,2
household,2
linkage,2
mapped,2
ilupeju,2
announce,2
capturer,2
risks.‚,2
adequacy,2
mitigating,2
treat,2
losses,2
auditors,2
5yr,2
historical,2
commercials,2
mrr,2
wrfm,2
tdm,2
smooth,2
import,2
whilst,2
hydrocarbon,2
prescribed,2
cdc,2
scd‚,2
fine,2
popular,2
navanti,2
assistants,2
four,2
frequency,2
span,2
blueprinting,2
rolling,2
unified,2
interoperability,2
configurations,2
crises,2
edw,2
nigeria.‚,2
incredible,2
off-grid,2
pyramid,2
mysql,2
iot,2
kit,2
unmet,2
october,2
adults,2
children,2
receiving,2
mechanism,2
champion,2
sd,2
throughput,2
allowance,2
usd‚,2
nb,2
strictly,2
grid,2
location-dependent,2
isolation,2
adjustment,2
applied,2
recognition,2
places,2
much,2
elsewhere,2
accommodation,2
guesthouse,2
swiss,2
fund,2
swisslife,2
approx,2
9.975,2
gross,2
repatriation,2
flight,2
visa,2
expenses,2
transportation,2
kgs,2
length,2
holidays,2
family/compassionate,2
predeparture,2
induction,2
initiatives‚Äôs,2
geneva,2
pre-departure,2
acted,2
paris,2
4-days,2
situ,2
psychological,2
covers,2
‚Ç¨,2
psychosocial,2
counselling,2
sourcing,2
goods,2
purchasing,2
deliveries,2
renewal,2
geographical,2
settlement,2
fixed,2
computation,2
pot,2
loss,2
along,2
descriptions,2
relevance,2
maiduguri,2
editing,2
deputy,2
dcop,2
cop,2
224,2
internally,2
quidax,2
performers,2
avengers,2
spectrum,2
dream,2
nuances,2
messy,2
ehealth4everyone,2
paper/pdf,2
budgets,2
constraints,2
data-based,2
chosen,2
pitch,2
lab,2
rsm,2
owned,2
jobholder,2
led,2
aspect,2
aggregated,2
correlations,2
decision-makers,2
metric,2
gehc‚Äôs,2
greenhouse,2
gases,2
recognized,2
ge,2
using/creating,2
creating/running,2
simulations,2
personas,2
personalized,2
ux/ui,2
volunteer,2
modeler,2
dba,2
fp,2
scrapping,2
scraping,2
employ,2
executable,2
implements,2
reusable,2
ssrs,2
ssas,2
up-skilling,2
proposal,2
short-term,2
outline,2
uncovering,2
feasibility,2
summarize,2
conventions,2
dataset‚,2
authentication,2
vulnerability,2
possibility,2
in-person,2
journeys,2
hiv/aids,2
powerpoint,2
using‚,2
consideration,2
years‚Äô,2
assemble,2
repositories,2
scrum,2
renmoney,2
discovery,2
product‚Äôs,2
chains,2
realization,2
game-changer,2
super,2
thrilled,2
observability,2
guess,2
serious,2
name,2
tackling,2
head-on,2
tricky,2
elevating,2
university,2
electronics,2
disparate,2
typically,2
3+,2
architecture/technologies,2
communicator,2
consensus,2
appraise,2
directorate,2
data-led,2
enhanced,2
evolving,2
interactive,2
definitions,2
standardization,2
interaction,2
clerical,2
putting,2
discretion,2
outstanding,2
acts,2
complying,2
calculating,2
pushing,2
encouraged,2
passions,2
packaged,2
offerings.‚,2
on-premises,2
menu,2
names,2
groceries,2
deactivation,2
mass,2
attribute,2
creations,2
activation,2
mpg,2
tag,2
sku,2
crawling,2
seller,2
principals,2
fetch,2
retrieving,2
mistakes,2
marts,2
olap,2
evolve,2
star,2
dimensions,2
scripting,2
independence,2
math,2
see,2
competitor,2
pevelop,2
apache,2
integrations,2
whose,2
he/,2
chillers,2
pumps,2
crah,2
generators,2
operators,2
upload,2
organisation‚Äôs,2
photographs,2
nysc,2
prs,2
hands,2
copy,2
scanned,2
consumables,2
buffers,2
deployed,2
premises,2
always,2
stocks,2
return/replacement,2
engineering/,2
operationalize,2
speech,2
processes.‚,2
metrics‚,2
imparting,2
classes,2
institution,2
palmgrove,2
business-led,2
x-function,2
inspirational,2
dna‚Äù,2
welcome/embrace,2
well-experienced,2
teachers,2
ict.‚,2
b.tech,2
computers,2
reside,2
ikotun,2
environ,2
cfr,2
8.responsible,2
entities,2
qa/qc,2
gms,2
onetech,2
headquarters,2
composure,2
gsr,2
depletion,2
ÔÉò,2
safely,2
eliminate,2
fellow,2
workers,2
manage‚,2
relationship‚,2
up‚,2
1‚,2
drive/manage/ensure‚,2
develop‚,2
sales‚,2
profitability‚,2
vertiv‚,2
account‚Äôs‚,2
partner‚,2
entire‚,2
telco,2
fsi,2
brief,2
intelligible,2
deepwater,2
subsea,2
systems/marine,2
fpso,2
kbopd,2
19,2
mmscmd,2
osi-soft,2
npdms,2
luxury,2
salons,2
organised,2
stored,2
pass,2
client‚Äôs,2
dw/jv,2
wealth‚,2
cognate,2
disposal,2
differentiated,2
addresses,2
viable,2
prospective,2
configuring,2
faulty,2
remotely,2
installing,2
installed,2
ticket,2
attendance,2
actual,2
tagging,2
publishing,2
collaborates,2
standardising,2
alerting,2
iptv,2
conference,2
wi-fi,2
protected,2
upper,2
protecting,2
restoration,2
vba,2
additions,2
builder,2
wrangler,2
enjoys,2
artefacts,2
firm‚Äôs,2
comparative,2
advisory,2
/or,2
safeguarding,2
judgment,2
fine-tune,2
effect,2
evacuation,2
condition,2
cyber,2
handover,2
products/equipment,2
rfi‚Äôs,2
issuance,2
bulletins,2
submittals,2
shop-drawings,2
fat,2
factories,2
dimension,2
correctly,2
utility,2
rack,2
supervising,2
complies,2
printed,2
standardizing,2
mission-critical,2
controllers,2
cucm,2
analog,2
telecom,2
ii,2
oems,2
leveraged,2
gotten,2
go,2
programmers,2
github,2
n't,2
orchestration,2
streaming,2
17,2
officerwill,2
enquiries,2
go-to-market,2
buying,2
assistant,2
hybrid,2
answers,2
kpi‚Äôs,2
exercising,2
p,2
digital-first,2
never,2
delighting,2
idiomatic,2
debug,2
publicly,2
ilela,2
north,2
nkaleke,2
storytelling,2
tv,2
rigor,2
admin,2
l3,2
configure,2
cut,2
2nd,2
drawing,2
path,2
dmpa-sc,2
‚Äòbig,2
data‚Äô,2
usaid‚Äôs,2
dqi,2
score,2
standardize,2
seamless,2
formulation,2
resulting,2
facing,2
subordinates,2
appraisal,2
collating,2
action‚Äôs,2
embedding,2
impacts,2
thereby,2
tqla,2
situation,2
srm,2
nascp,2
collated,2
beneficiary,2
rituals,2
reflect,2
datacenter,2
technical‚,2
brewing,2
sop,2
swi,2
write-ups,2
photocopying,2
intuitive,2
m-kopa,2
legislation,2
default,2
offering,2
instance,2
tenders,2
numeracy,2
c-level,2
screens,2
keys,2
forwards,2
mockups,2
catalogs,2
lister,2
themes,2
infographics,2
considerations,2
emphasizing,2
districts,2
differences,2
incentives,2
recipients,2
cohesion,2
electricity,2
invest,2
deals,2
ott,2
aop,2
consisting,2
mid-level,2
domains,2
supported,2
sprinkler,2
alarm,2
extinguishing,2
3d,2
revit/bim,2
mountability,2
learner,2
little,2
things,2
estimate,2
honed,2
cfa,2
served,2
guy/gal,2
empowered,2
levels.‚,2
upskill,2
schematic,2
tender,2
submissions,2
building‚Äôs,2
revit,2
followed,2
costing,2
certifications,2
reliance,2
aggregate,2
user-friendly,2
adaptation,2
steel,2
concrete,2
timber,2
phase,2
audit‚,2
ireg,2
frauds,2
sim,2
roamers,2
outlet,2
absolute,2
generation.‚,2
analysed,2
she/he,2
keyboards,2
recorders,2
studying,2
apart,2
push,2
raised,2
accompanied,2
python/r,2
ps-core,2
switch,2
nodes,2
ocean,2
simplifying,2
diligence,2
fluent,2
modernization,2
west,2
implicit,2
succinct,2
remedial,2
views,2
blogs,2
produced,2
rapid,2
determination,2
elections,2
continuing,2
routes,2
senior-level,2
'd,2
intend,2
saas,2
wider,2
forming,2
indicator,2
business.‚,2
organization.‚,2
randomized,2
levers,2
repayment.‚,2
pilots,2
interventions.‚,2
markets.‚,2
determining,2
pm,2
call,2
rate,2
fraudulent,2
accordingly,2
healthy,2
pocs,2
objectives.‚,2
mandate,2
supplementary,2
bonus,2
calculation,2
headcount,2
raising,2
requisitions,2
approving,2
availing,2
group-life,2
standardisation,2
pieces,2
up.‚,2
bm,2
modified,2
repeatable,2
eor,2
less,2
subsequent,2
zone,2
onto,2
entity,2
ready,2
visible,2
iteration,2
operationalization,2
curated,2
documented,2
seo,2
bureau,2
middle,2
ato,2
thriving,2
economy,2
buy,2
rewarding,2
adapt,2
means,2
perspectives,2
readily,2
sent,2
nigeria‚Äôs,2
engender,2
tremendous,2
violations,2
franchise,2
engages,2
usaid/pepfar,2
giving,2
opening,2
impact.‚,2
implement‚,2
dias,2
harness,2
ecosystems,2
backstopping,2
pandemic,2
pharmaceutical,2
measurable,2
folders,2
trail,2
responds,2
displayed,2
screen,2
dmel,2
dhis,2
documents‚,2
trainees,2
form,2
emowaa,2
emowaa‚Äôs,2
allows,2
dmo,2
hidden,2
smarter,2
jega,2
sets.‚,2
desirable,2
acl,2
captions/financial,2
processor,2
gl,2
detecting,2
hugo,2
precious,2
attrition,2
attraction,2
people-value,2
provisions,2
awareness-raising,2
thereof,2
consultation,2
3.1,2
overlooks,2
dpo,2
processors,2
detected,2
cyber/network,2
eng,2
ndpr/gdpr,2
‚Ä¢,2
loc,2
team-members,2
nto,2
first.‚,2
lead/instructor,2
underlying,2
charter,2
frontline,2
breakthrough,2
departments.‚,2
capturing.‚,2
spreadsheets.‚,2
databases.‚,2
outdated,2
records.‚,2
encountered.‚,2
files.‚,2
errors.‚,2
entry.‚,2
basis.‚,2
axapta,2
unspsc,2
agro-allied,2
trading,2
directing,2
prioritizing,2
proposed,2
stakeholders‚Äô,2
optic,2
cross-check,2
affecting,2
lighting,2
fittings,2
perimeter,2
non-collo,2
contractor‚Äôs,2
tanks,2
replenishing,2
requirement/standard,2
plumbing,2
intrusion,2
fence,2
emergencies,2
clinician,2
cbos,2
stanbic,2
ibtc‚Äôs,2
scrapers,2
choice,2
striving,2
ambitions,2
openings,2
inspiring,2
javascript,2
proxy,2
sas,2
spss,2
comprised,2
apapa,2
competent,2
cens,2
lean,2
representative,2
northwest,2
snapshot,2
all‚Äôs,2
prices,2
rectification,2
regime,2
smep,2
campus,2
technologists,2
remittance,2
self-reliant,2
regression,2
cchub‚Äôs,2
transport,2
3pls,2
dbs,2
sap/wms/tms,2
misau,2
continued,2
positions,2
addressed,2
promise,2
magic,2
quickcheck,2
numpy,1
scikit-learn,1
experience‚,1
r-dats,1
hands‚Äêon,1
methodological,1
monetizatio,1
valuation,1
accounting/,1
statistics/marketing/sales/data,1
analysis/related,1
business/project,1
multitasks,1
b2c,1
exemplary,1
modularity,1
returnship,1
specially,1
took,1
break,1
change/event,1
salesforce.com,1
philanthropy,1
99.5,1
sign-off,1
favorable,1
penalty,1
defense,1
reticulation,1
avert,1
avoidable,1
outages,1
leases,1
statutory/regulatory,1
lease,1
rollout,1
legislative,1
statutory,1
examinations,1
approve,1
investment,1
ppm,1
reactive,1
context-based,1
reassurance,1
briefing,1
tutorials,1
blog,1
posts,1
adapted,1
planogram,1
answering,1
thoroughly,1
checked,1
wassi,1
briefings,1
recognize,1
by-project,1
creator,1
dch,1
academy,1
graphic,1
enrich,1
catalog,1
analysts‚Äô,1
sharp,1
people‚Äôs,1
empirical,1
similarly,1
getting,1
primegauge,1
revolve,1
delegates,1
strengthens,1
ethos,1
stages,1
conceptualization,1
factsheets,1
compulsory,1
aforementioned,1
resume,1
packs,1
patches,1
virtualized,1
reflected,1
logs,1
post,1
scrutinizing,1
tensorflow,1
pytorch,1
scikit-learnis,1
server-side,1
node.js,1
flask,1
django,1
fundamental,1
neural,1
e.t.c,1
ethics,1
bias,1
contributions,1
open-source,1
joining,1
automation‚,1
abuja‚Äôs,1
section,1
counterparts,1
states‚Ä,1
zamfara‚Ä,1
underlined,1
223-227,1
guidelines/,1
un,1
duration,1
polling,1
kaps,1
ena,1
odk,1
rapidpro,1
programme-appropriate,1
as‚,1
you‚,1
retail/agency,1
optimize‚,1
sports,1
betting,1
manager‚,1
provide‚,1
agency‚,1
objectives‚,1
organization-wide,1
oshodi,1
isolo,1
fastest,1
fte,1
however,1
management/,1
rudimental,1
cam,1
parts/components,1
machined,1
setups,1
solidunderstanding,1
ideally,1
experiencing,1
line-managing,1
hmd,1
stacking,1
etc.,1
memory,1
ssds,1
cpu,1
forth,1
cross-connect,1
mop,1
removal,1
decommissioned,1
subsystems,1
component,1
appreciation,1
simplicity,1
qualifications,1
de,1
trails,1
frequently,1
planograms,1
collection/download,1
data/enter,1
checks/enforcing,1
car,1
fueling,1
tracked,1
smartest,1
predictability,1
engineered,1
productionize,1
optimisation,1
cac/mcac,1
ltv,1
multichannel,1
increased,1
morning,1
fleets,1
weather,1
sociodemographic,1
ingesting,1
elmis,1
ihris,1
resilience,1
functioning,1
annotated,1
promising,1
mshers,1
aabi,1
securing,1
roche,1
govern,1
cxi,1
affiliate,1
onshore/offshore,1
ccpa,1
cataloging,1
analyst‚,1
utilizes,1
collects,1
exit,1
recruitment,1
motivation,1
short-,1
milestones,1
classified,1
exempt,1
nonexempt,1
drilling,1
qs,1
iom‚Äôs,1
fall,1
215,1
namely,1
labour,1
diaspora,1
smuggling,1
anti-trafficking,1
mpa,1
society,1
leverages,1
iom,1
partnered,1
constructions,1
phased,1
expansions,1
retrofits,1
mechanical/electrical,1
indirect,1
fair,1
swot,1
comprehensible,1
projects‚Äô,1
cloud/infrastructure,1
consulting/support,1
development/support,1
behavioural,1
lifecycles,1
go-to,1
org,1
multiply,1
interpret‚,1
e-resources,1
diesel/,1
additives,1
logistic,1
dispatches,1
lpo,1
withdrawal,1
petty,1
arranged,1
seniors,1
advancing,1
multi-thematic,1
cd,1
arts,1
ac,1
sector-based,1
mixed-methods,1
community-based,1
no-code/low-code,1
lot,1
perfectly,1
speedy,1
lidya,1
enthusiastic,1
observe,1
policies/procedures,1
coverage.‚,1
security/control,1
risk-based,1
process/operational,1
lapses,1
operational/,1
fraud/,1
recommending,1
incorporated,1
procedures‚,1
segregation,1
delegated,1
recorded,1
sof,1
remarks,1
cicd,1
bhp,1
arrp,1
reservoirs,1
res/pts,1
digitalization/automation,1
geomark,1
sub-surface,1
closing,1
siesta,1
qaqc,1
volts,1
delete,1
unnecessary,1
rearrange,1
transcribe,1
logbooks,1
analytically,1
assumption,1
subscribing,1
ratio,1
cooperate,1
standard/,1
adhoc/,1
agile-based,1
creativity,1
faced,1
series,1
situations,1
risk/crisis,1
out-of-the-box,1
web-integrated,1
pbx,1
ticketing,1
company.‚,1
design.‚,1
scaling-up,1
momentum,1
surge,1
assessors,1
223.,1
antiretroviral,1
therapy,1
tx_curr,1
outgoing,1
im,1
accepting,1
akwa-ibom,1
division‚Äôs,1
scorecard,1
competion,1
correctness,1
analyzers,1
lans,1
wans,1
lans/wans,1
intended,1
improve/upgrade,1
life-cycle,1
oriented,1
hardware/software,1
sponsor,1
cross-selling,1
conducts/leads,1
educates,1
2‚Äô94,1
3‚Äô12,1
procurement-related,1
suppliers/vendors,1
quotations,1
spending,1
spearheading,1
insurances,1
softcopies,1
endorsement,1
issued,1
disbursement,1
account/mumbai,1
adjusters/investigators,1
salvage,1
titles,1
clearance.‚,1
background‚,1
pre-employment,1
exam.‚,1
begin,1
receipt,1
clearances/certifications,1
candidacy,1
visit,1
svrs,1
mmsrs,1
march,1
july,1
95,1
billable,1
certain,1
prevailing,1
staffed,1
2‚Äô46,1
2‚Äô52,1
manuscripts,1
pros,1
cons,1
pace,1
recent,1
benel,1
labs,1
deliverable,1
asm,1
wholesalers,1
authenticating,1
synchronizing,1
pos,1
terminals,1
innovation‚Äù,1
mindsets,1
‚Äúoutside,1
boxes‚Äù,1
try/learn/improve,1
creating/redefining,1
touch,1
agent,1
credibility,1
applicability,1
garner‚,1
unusual,1
operationalizing,1
wholesale,1
credible,1
trustworthy,1
spans,1
pre-process,1
eda,1
summarizing,1
collaborations,1
alausa,1
conceptual,1
redundancy,1
business‚Äô,1
combines,1
forward-looking,1
advantages,1
alternative,1
writes,1
partakes,1
coding/programming,1
git,1
suited,1
scenario,1
python‚Äôs,1
nltk,1
library,1
assigns,1
allocates,1
style,1
retrospectives,1
intensive,1
on-going,1
fit-for-purpose,1
relocated,1
core/distributed,1
enumerators,1
6-day,1
hubs,1
renting,1
fridges,1
op,1
after-sales,1
hsb,1
b2b,1
contributor,1
anchor,1
training-related,1
well-suited,1
representations,1
outcome,1
customize,1
modify,1
sections,1
scientific,1
grants,1
abstracts,1
key-value,1
blob,1
buckets,1
sftp.‚,1
code‚,1
hyperparameters.‚,1
overcome,1
them‚,1
augmentation,1
pipelines.‚,1
cleaning.‚,1
rank,1
probability.‚,1
save,1
principal‚,1
stronger,1
contextual,1
france,1
convene,1
coast,1
168,1
exact,1
candidate‚Äôs,1
relative,1
ngo,1
3-5,1
cross-checking,1
clarification,1
detailing,1
tb,1
observations,1
proficiency‚,1
word,1
kobo,1
negotiable,1
but‚,1
commensurate,1
conceptualizing,1
conceptualize,1
non-functional,1
features.‚,1
dependency,1
workload,1
sprint,1
accompanying,1
sops,1
uninterruptible,1
it/industrial/electrical,1
distributor,1
government/financial/industrial/scientific,1
descasio,1
accomplished,1
esteemed,1
data-oriented,1
agri-services,1
seeds2b,1
missions,1
listed,1
timeline,1
reassess,1
sfn,1
farmers‚Äô,1
hub‚Äôs,1
farmers,1
meetings/trainings/demos/field,1
instructed,1
sfsa,1
telecommunications/,1
engineering/computer,1
2.2/upper,1
front-end,1
intertaces,1
svstems,1
vears,1
suppliers/vendors/,1
proiect,1
contiguration,1
curious,1
negotiation,1
facilitation,1
self-motivated,1
hundreds,1
actualize,1
associates,1
gap,1
revise,1
optimising,1
terminal,1
enhancement,1
logistical,1
transformational,1
edmta,1
significance,1
productionise,1
referral,1
spend,1
navigate,1
marketers,1
bamboo,1
wealth,1
data-backed,1
bamboo‚Äôs,1
data/ecommerce,1
looker,1
managemen,1
mtn,1
reslove,1
productive,1
support-related,1
calendar,1
booking,1
deck,1
all-hand,1
files/information,1
anticipating,1
reminding,1
non-routine,1
depth,1
aod,1
blogs/whitepaper,1
migrate,1
athena,1
dynamodb,1
rds,1
proving,1
simplify,1
co-qc,1
pdps,1
lps,1
filters,1
images,1
stickers,1
tkb,1
naming,1
tablets,1
diapers,1
permissions,1
activations,1
renaming,1
translations,1
re-categorization,1
wrongly,1
categorized,1
/deduplication,1
uploads,1
migrations,1
visibility/sync/issues,1
sync,1
appearing,1
qc,1
page,1
csv,1
sounds,1
interesting,1
npf,1
creditdb,1
transcribing,1
drive/manage/ensure,1
non-spatial,1
2.,1
hmo,1
possessing,1
profound,1
endeavors,1
gbm,1
terminologies,1
five‚,1
alerts,1
constructs,1
incrementally,1
deploys,1
advises/recommends,1
system/architectural,1
structures/data,1
theories,1
snow,1
fake,1
slowly,1
confirmed,1
postgres,1
eight,1
database/data,1
lodge,1
interpretations,1
landscapes,1
appealing,1
easy-to-understand,1
85,1
connectors,1
bricks,1
elastic,1
multi-platform,1
particularly,1
verse,1
bl,1
heating,1
ventilation,1
white,1
sub-systems,1
chilled,1
transformers,1
panels,1
systems.‚,1
racks/it,1
non-it,1
alerts/incidents/requests,1
books,1
closely-related,1
infectious,1
diseases,1
distilling,1
26,1
younger,1
discharge,1
tech-savvy,1
activate,1
dcp,1
aws.,1
command,1
pull,1
eyes,1
mainyard,1
house,1
dc/cls,1
kept,1
orderly,1
coo,1
pre-trained,1
stakeholders.‚,1
domain.‚,1
summaries,1
bin,1
i.t,1
resident,1
beginners,1
tutor,1
unblock,1
projection,1
consummate,1
personality,1
footprint,1
ngx‚Äôs,1
dependencies,1
remain,1
growth/product,1
ideating/research,1
iterating,1
on-time,1
busine,1
respective,1
products‚Äô,1
conception,1
specialists/engineers,1
in-scope,1
cycling,1
diagnostics,1
commands,1
inserting/removing,1
defective,1
fault,1
array,1
rebooting,1
loop-back,1
circuits,1
re-seating,1
fibers,1
identify/analyze,1
otdr/lspm/vfl,1
loop,1
backs,1
de-racking,1
agreeing,1
timing,1
arrival,1
departure,1
laptops,1
might,1
labeling,1
instructions,1
membership,1
1-3,1
profiling,1
correlation,1
covariance,1
critically,1
gathered,1
conflicts,1
cliqview,1
stockouts,1
interswitch,1
synergies,1
cohesive,1
emphasising,1
instrumentation,1
volumes,1
ap,1
accountant,1
data/analyst,1
danco,1
petroleum,1
bookkeeping,1
impress,1
calculate,1
driver,1
allocate,1
externally,1
archives,1
authorize,1
interdisciplinary,1
extracts,1
cleans,1
imports,1
transforms,1
macros,1
huge,1
automatically,1
establishment,1
cross-program,1
bsc/hnd,1
business-related,1
results-driven,1
team‚,1
alliances,1
ibm,1
initiatives‚,1
smes,1
embed,1
competences,1
checklists,1
operationalising,1
operationalised,1
replace,1
proceed,1
interacting,1
autonomy,1
reputation,1
citigroup,1
escalating,1
science/it,1
bioinformatics/health,1
informatician,1
predictable,1
ola,1
mean-time-to-restore,1
resilient,1
dependable,1
pcd,1
hosting,1
servicenow,1
redundant,1
de-registration,1
register,1
validated,1
irm,1
datacoms,1
supportability,1
learnings,1
negative,1
mel-related,1
otl,1
mobile/tablet,1
partake,1
otl/usaid,1
auditor,1
entail,1
amp,1
faults‚,1
bordering,1
recommended,1
relocation,1
reengineering,1
reconfiguration,1
homogeneous,1
data/structure,1
as-built,1
untrust,1
systems‚,1
dcs/icss/pi,1
fo/instrument,1
aps,1
ucopia,1
wlan,1
gateways,1
gatekeepers,1
message,1
display/cbis/dmis,1
multiplexers,1
shapers,1
netflow,1
winds,1
prime,1
tacacs/acs/ise,1
modems,1
cctv,1
vgs,1
digging,1
batches,1
eftd,1
spot,1
crop,1
mined,1
interpreted,1
phase3,1
ijora,1
workflows.‚,1
terraform,1
1.5,1
native,1
codepipeline,1
codebuild,1
codecommit,1
production-grade,1
maintainable,1
architected,1
tdd,1
stupid,1
kiss,1
na,1
yagni,1
dry,1
bigquery,1
performant,1
utilise,1
microservices,1
event-driven,1
fidelity,1
land,1
huawei,1
fortune,1
china,1
mnc,1
clerk,1
one-day,1
components/accessories,1
management/maintenance,1
tours,1
regulatory/compliance,1
sujimoto/motopay,1
soft,1
mlops,1
messaging,1
emphasizes,1
conceiving,1
upsell,1
funnels,1
webinars,1
paid,1
differentiates,1
ccfn,1
mandates,1
accelerated,1
5-year,1
222,1
september,1
227,1
caritas,1
catholic,1
relief,1
crs,1
vantage,1
adrap,1
sole,1
co-lead,1
competencies,1
favorite,1
words,1
agility,1
ask,1
depots,1
periodical,1
numbering/routing,1
job-related,1
archive,1
sts,1
e-filling,1
arrangement,1
correspondence,1
web-based,1
6+,1
post-graduate,1
cosmos,1
db,1
lakes,1
oltp,1
graphql,1
.net/c,1
agile/scrum,1
control/cicd,1
celebration,1
touchpoint,1
binji,1
maikulki,1
bunkari,1
kalmalo,1
gari,1
ezza,1
ezzekwetekwe/ogbuinyagu,1
echara-ndiebor,1
echara-unuhu,1
journalism,1
multimedia,1
desktop,1
tablet,1
graphical,1
journalistic,1
news,1
multitask,1
drillings,1
kappa,1
osisoft,1
landmark,1
edm,1
semantic,1
exec,1
365,1
outlook,1
onedrive,1
vpn,1
hp,1
intranet,1
elevate,1
clean-up,1
historic,1
pre,1
inter-disciplinary,1
importance,1
weekly/monthly,1
mpr,1
banking/head,1
importing,1
consolidate,1
3-4,1
analysis-related,1
dashboarding,1
techniquesresponsibilities,1
aggregation,1
reconciles,1
conformity,1
223,1
cross-linking,1
crisis,1
outreach,1
progress‚,1
un-energy,1
sdg7,1
dmpa,1
six-year,1
jsi,1
sub-grantee,1
depo,1
medroxyprogesterone,1
acetate,1
injectable,1
contraceptive,1
introduced,1
women‚Äôs,1
contraception,1
introduction,1
scale-up,1
balanced,1
interprets,1
imaginative,1
fact-based,1
projects/solutions,1
data-gathering,1
nonfunctional,1
datarelated,1
illustrative,1
excelling,1
dig,1
conformable,1
pyspark,1
etl/elt,1
github/gitlab,1
8+,1
5+,1
iam,1
appflow,1
formation,1
sns,1
ips,1
pepfar,1
e/data,1
dictionaries,1
adopt,1
up-and-coming,1
dao,1
ramp,1
technical/team,1
data-quality,1
cdao,1
navigating,1
cross-cultural,1
signed,1
overviews,1
bills,1
bom,1
sow,1
multi-faceted,1
collateral,1
low-level,1
attends,1
cfd,1
hyperscale,1
employer,1
valid,1
shelter,1
enforecement,1
programs/code,1
improvement/training,1
arising,1
viewing,1
re-training,1
manuals,1
suit,1
casuals,1
associate,1
systematic,1
sampling,1
piece,1
mle,1
becoming,1
data-first‚,1
gleaned,1
lm,1
intake,1
beer,1
data/report,1
submitted,1
gprs,1
mitigated,1
analyse‚,1
business‚,1
dialogue,1
sascps,1
granular,1
visualized,1
discussed,1
societal,1
virtualization,1
maintenance/testing,1
on-call,1
rotation,1
check-ins,1
landing,1
12month,1
bottoms,1
dcom,1
/gm,1
action-orientated,1
etls,1
elements,1
notification,1
committees,1
generally,1
scrap,1
classify,1
mandatory,1
accommodate,1
quick,1
time-sensitive,1
vps,1
imperfect,1
anthony,1
village,1
easier,1
oneself,1
involved.‚,1
inconsistencies.‚,1
kobotool,1
comcare,1
ona,1
cognizance,1
similarities,1
districts.‚,1
incentive,1
cdm,1
agreement,1
coordinations,1
distributing,1
materials/items,1
promptly.‚,1
daily/weekly/monthly,1
compressed,1
cng,1
png,1
v/s,1
oee,1
staffs,1
delays,1
related‚,1
excluding,1
it‚Äôs,1
wrangling,1
awesome,1
quotas,1
exceeded,1
enterpriser,1
govt,1
pnl,1
strategies/plans,1
rigorously,1
carrier‚Äôs,1
nr/gr,1
retail/marketing,1
termination,1
negotiations,1
l,1
schools.‚,1
resources.‚,1
eha,1
clinics,1
platform‚Äôs,1
best-practices,1
fulfill,1
reporting.‚,1
end-user,1
self-,1
stickiness,1
socializing,1
quantify,1
yield,1
forensic,1
matlab,1
editorial,1
newsrooms,1
collaboration/impact,1
fast-moving,1
stakes,1
number-crunching,1
data-centric-capacity,1
automate-first,1
re-useable,1
scaled,1
managementkey,1
low-code,1
group‚∑,1
decrease,1
ones,1
festac,1
town,1
governancestrategies,1
b.ed,1
b.a,1
1-5,1
igbogbo,1
baiyeku,1
territories,1
localization,1
privacy/compliance,1
committee,1
consents,1
binding,1
exports,1
breach,1
sars,1
high-velocity,1
scales,1
tuned,1
ingest,1
functionalities,1
exchanged,1
varying,1
vulnerabilities,1
inquires,1
draft,1
flaws,1
ai-informed,1
csr,1
b.sc‚,1
augmenting,1
45,1
operative,1
biom„©rieux,1
curve,1
map,1
global/regional/local,1
evolution,1
qos,1
thru,1
delight,1
ra,1
tt,1
ir,1
formatted,1
suites,1
co-workers,1
trontier,1
well-versed,1
feeds,1
models.‚,1
apis/,1
endpoints,1
scores,1
expose,1
reporeportstime,1
ppt,1
vehicle,1
branch,1
transit,1
processed,1
epe,1
salient,1
trends/patterns,1
crucial.‚,1
royal,1
haskoningdhv,1
ranked,1
firms,1
call-detail,1
cdr,1
geospatial,1
contents,1
electronically,1
kuda,1
instructional,1
semi-technical,1
narratives,1
lms,1
e-learning,1
synergy,1
energetic,1
results-oriented,1
expecting,1
merchandise,1
chain‚,1
mefical,1
true,1
happen,1
forensics,1
osint,1
professions,1
disinformation,1
misinformation,1
amplification,1
viral,1
obsessive,1
prtuguese,1
systems/database,1
consumed,1
finish,1
possibilities,1
limitations,1
deployement,1
kampala,1
nairobi,1
accra,1
anglophone,1
indian,1
islands,1
articulated,1
large/complex,1
ill-defined,1
‚Äústoryboarding‚Äù,1
persuasive,1
‚Äúlevel‚Äù,1
shortcomings,1
intellectual,1
articles,1
‚Ç¶4,1
organising,1
preserving,1
mc,1
ng,1
upgrade/update,1
linking,1
researches,1
evaluates,1
merging,1
technology/statistical,1
tags,1
5why,1
computerized,1
communicated,1
job-cards,1
days.‚,1
display,1
artisan‚Äôs,1
on‚,1
lagos‚Äô,1
ferry,1
congestion,1
foreign,1
inventing,1
implications,1
mining/science,1
brightest,1
hardest,1
choose,1
really,1
remote-first,1
workplace‚,1
pretty,1
almost,1
lot‚,1
still,1
continues,1
outward,1
raises,1
bar,1
meaningfully,1
narrative,1
footsteps,1
ux,1
ease,1
playhouse,1
enthusiasm,1
oral,1
exhibit,1
emotional,1
stability,1
po‚Äôs,1
experiential,1
negotiating,1
concluding,1
ag,1
powershell,1
that‚Äôs,1
technologically,1
consultative,1
cxo,1
carriers,1
smb,1
travelling,1
opco,1
satisfactory,1
onboarding,1
delinquency/default,1
voip,1
ivr,1
debts,1
recovered,1
returning,1
risky,1
cohorts,1
described,1
performances,1
cba,1
advocacy,1
logging,1
compliments,1
competitors‚Äô,1
appraising,1
assume,1
salesforce,1
demos,1
co-development,1
et.al,1
department‚Äôs,1
management/relevant,1
triggers,1
data-needs,1
reporting/communication,1
homegrown,1
procedures/sops,1
anti-money,1
laundering,1
rule-sets,1
suspicious,1
resiliency,1
max‚Äôs,1
firsthand,1
coca-cola,1
powers,1
abnormal,1
ats,1
linked,1
higher,1
diploma,1
disciplinces,1
possession,1
wielding,1
fabrication,1
repairing,1
portable,1
appliance,1
paas,1
category-defining,1
teams.‚,1
business‚Äôs,1
arm,1
payments-focused,1
merchants,1
fintechs,1
enhances,1
establishes,1
thought-leadership,1
pre-eminence,1
smc,1
cdds,1
drug,1
poor,1
rounds,1
senatorial,1
tor,1
round,1
trained,1
keyboard,1
magnetic,1
disk,1
alphabetic,1
numeric,1
outliers,1
speed,1
geographies,1
confirm,1
mfs,1
vas,1
away,1
pleased,1
catalogues,1
gathers,1
iterations,1
accept,1
fulfils,1
prioritized,1
optimally,1
defect,1
bug,1
loss/liability,1
avoidance,1
cumulated,1
increment,1
reduced,1
specs,1
optimised,1
typed,1
volume,1
verifiable,1
partners‚Äô,1
aggregations,1
data.fi/nigeria,1
laid,1
contractual,1
managerial,1
sub-contractors,1
buy-in,1
host-country,1
washington,1
subrecipients,1
grantees,1
subcontractors,1
inclusiveness,1
participatory,1
multisector‚,1
forums,1
space/power,1
dgs,1
rectifiers,1
care‚,1
estate,1
value.‚Äã,1
mvps,1
infusing,1
exhibits,1
reusability,1
remove,1
blockers,1
conversations,1
resolutions,1
blocking,1
projects.‚,1
honing,1
deepening,1
cloud-first,1
africa.‚,1
chartered,1
startups,1
smbs,1
powered,1
psychology,1
physics,1
demography,1
ideation,1
lakes.‚,1
decade,1
we‚Äôve,1
careers,1
elevated,1
celebrated,1
we‚Äôll,1
strongest,1
today,1
bespoke,1
ri,1
vaccination,1
garments,1
pending,1
samples,1
36‚Äôs,1
corresponding,1
owning,1
mid-,1
mastercard‚Äôs,1
multi-functional,1
two-sided,1
multifaceted,1
matching,1
ds,1
weapon,1
attack,1
simulation,1
combinatorial,1
conduit,1
science-related,1
geared,1
stable,1
comprising,1
co-led,1
institutionalizing,1
‚Äúsituation,1
room‚Äù,1
finance/admin,1
data.fi‚Äôs,1
ministries,1
pepfar/usaid,1
cope,1
coherence,1
urgent,1
fine-tuned,1
usaid/covid-19,1
war,1
hearing,1
you.‚,1
freedom,1
chart,1
ace,1
spotting,1
interprete,1
prioritize‚,1
heart,1
lists,1
purview,1
pharmacists,1
wakanowÍºs,1
liabilities,1
desk,1
entries/records,1
missed,1
up/,1
vet,1
spoke‚,1
cf-po,1
appr,1
ap3,1
patient/client,1
interprets‚,1
outliers/variance,1
before‚,1
persons,1
electronic‚,1
confirms,1
makes‚,1
approvals,1
bugs,1
e-related,1
instruct,1
solvers,1
common,1
proffer,1
customized,1
legitimacy,1
careful,1
comprehension,1
administrate,1
folders/data,1
alter,1
work-flows,1
predefined,1
quantified,1
gaining,1
craziest,1
computerization,1
manually,1
normal,1
daq,1
separators,1
heaters,1
qhse,1
main,1
indicators.‚,1
examining,1
likely,1
directives,1
field-tested,1
optical,1
scanners,1
solutions.‚,1
strategies.‚,1
techniques.‚,1
quality.‚,1
bare-metal,1
challenge,1
fault-tolerant,1
platforms.‚,1
passion.‚,1
mindful,1
equally,1
aware,1
employing,1
sources/,1
prepare/clean,1
re-computation,1
back-up,1
moment,1
let,1
experienced/certified,1
offline,1
grasp,1
half-yearly,1
daily/,1
weekly/,1
mis/,1
concern,1
prospect,1
history,1
i.,1
e.,1
data/,1
subsidiaries,1
automations,1
emanating,1
intellinx,1
employee/channel,1
fbn,1
24,1
treasury,1
finnone,1
assurnace,1
isod,1
departments‚Äôs,1
investigations/projects,1
inconsistencies/duplications/irregularities,1
/wrong,1
parameterizations,1
control/,1
administrator‚Äôs,1
cbn,1
firs,1
norm-breaker,1
innovator,1
'without,1
thinker,1
entrepreneur,1
target-focused,1
result-oriented,1
yes,1
people.‚,1
talent.‚,1
laws.‚,1
1-,1
2-,1
3-,1
response.‚,1
epidemics.‚,1
scanning,1
pertinent,1
p-code,1
cataloguing,1
description,1
min/max,1
site-specific,1
duplications,1
duplicate,1
consumable,1
inquiry,1
fax,1
shipments,1
domestic,1
mid,1
fix,1
mitch,1
feed,1
soap,1
k8s,1
azure/aws,1
oauth,1
jwt,1
tokens,1
microservice,1
grpc,1
teamapt,1
inspired,1
customer-focused,1
redefine,1
cool,1
excite,1
noise,1
experience.‚,1
energy‚,1
proffering,1
communicating/reporting,1
estimating,1
projections,1
specifications/requirements,1
competing,1
partners/,1
favourable,1
produts/,1
seen,1
product/services,1
flier,1
contacting,1
adequately,1
product/service,1
observed,1
during/after,1
non,1
partial,1
rectify,1
controller,1
tia942,1
demarc,1
up-to,1
stipulated,1
after-hours,1
nomis,1
ngqual,1
pitt,1
uniform,1
oss,1
completely,1
outs,1
transmission,1
dqas,1
populating,1
grading,1
craft,1
primary/secondary,1
electrical/electronics,1
locatable,1
eha‚Äôs,1
zyte,1
scraped,1
exceeds,1
ever,1
semi-automated,1
although,1
uis,1
brought,1
bear,1
describe,1
cv,1
letter,1
simply,1
gatekeeper,1
undergraduate,1
master‚Äôs,1
paying,1
intermediate,1
goals.‚,1
upper-level,1
fresh,1
graduates,1
tell,1
adequateness,1
granularity,1
couple,1
affinity,1
keeps,1
you‚Äôre,1
show,1
5‚,1
dreams,1
feel,1
commit,1
digitalized,1
technological,1
ground-breaking,1
customer-centric,1
culturally,1
stimulating,1
heritage,1
youthful,1
exuberant,1
stretch,1
valued,1
director‚Äôs,1
itinerary,1
organisational,1
employees/clients,1
emails,1
malfunctions‚,1
infer,1
bank-level,1
aes,1
rsa,1
apk,1
bypassing,1
bot,1
http,1
ban,1
leak,1
browser,1
crash,1
captcha,1
nimble,1
minimal,1
scrapy,1
puppeteer,1
poorly,1
confirmation,1
finished,1
quantities,1
pmd,1
landfill,1
wrapping,1
smd/fmd,1
network/printer,1
downtimes,1
dds,1
terabytes,1
performed,1
paga‚Äôs,1
acumen,1
organisations,1
paga,1
synthesization,1
wherewithal,1
economics,1
objects,1
xml,1
frames,1
non-,1
lay,1
technoserve‚Äôs,1
1-2,1
hand-in-hand,1
daystar,1
reasoning,1
hardworking,1
webmaster,1
don‚Äôt,1
united,1
nations,1
gates,1
reumssky,1
spaces,1
you‚Äôd,1
progressive,1
changers,1
describes,1
best-and-brightest,1
category-specific,1
aggregating,1
insights/data,1
analysts/data,1
visualizing,1
user/transaction,1
analysis‚,1
trends‚,1
ph.d.,1
msc,1
slq,1
querying,1
note,1
citizens,1
eligible,1
embracing,1
theme,1
encouraging,1
life-changing,1
reflects,1
exceeding,1
industry-leading,1
rooted,1
commitment,1
postgresql,1
abule,1
sahara,1
ltd.,1
interacts,1
sequence,1
mvp,1
scoped,1
clarity,1
incorporate,1
future-proofing,1
utilising,1
219,1
future-proofed,1
medicine.‚,1
deos,1
competition,1
old,1
previously,1
inputted,1
feedbacks,1
funneled,1
practically,1
send,1
resolved‚,1
inter-sectoral,1
inaccessible,1
sudden,1
conflict,1
disasters,1
movement,1
area-based,1
intentions,1
displacement,1
returns,1
seasonal,1
perceptions,1
affected,1
populations,1
clusters,1
sector-related,1
differentiate,1
non-disparaging,1
your‚,1
demeanour,1
appraisals,1
discretionary,1
bonuses,1
disciplinary,1
misconduct,1
dispute,1
talented‚,1
scientist‚,1
our‚,1
team.‚,1
consists,1
innovators,1
board,1
merge,1
cdl‚Äôs,1
arrangements,1
outset,1
workflow/process,1
redesign,1
myjobmag,1
into‚,1
planningteam,1
reflection,1
pacific,1
americas‚,1
collaboration.‚,1
ceo,1
co-founder,1
beginner,1
around‚,1
processing.‚,1
requirements.‚,1
schemas,1
lifecycle.‚,1
tune,1
reliability.‚,1
capabilities.‚,1
manner.‚,1
sharing.‚,1
policies‚,1
projects‚,1
supermarket,1
sale,1
promotional,1
replenishment,1
hardcopy,1
discrepanciesmaintain,1
crac,1
generator,1
heavy,1
in-charge,1
failures,1
competency,1
breakages,1
exporting,1
e/hss,1
management‚,1
state.‚,1
hfs,1
month,1
fora,1
sub-committee,1
afterhours,1
centralize,1
parallelscore,1
deliberate,1
algorithm,1
secondary‚,1
sources.‚,1
python‚,1
interrogate,1
queries.‚,1
team/unit,1
scrape,1
diageo‚Äôs,1
net,1
boosts,1
stretched,1
"1,4",1
38,1
79,1
transporters,1
interfaced,1
operated,1
3pl,1
pre-negotiated,1
penalties,1
tower,1
influence/impact,1
3pl‚Äôs,1
resourcing,1
trouble,1
shoot,1
log,1
arrange,1
users/joiners,1
refresher,1
invoking,1
implication,1
studentfirst,1
worksheets,1
slides,1
ms-office,1
needle,1
campaigning,1
resource/infrastructure,1
maths,1
sift,1
angles,1
advocates,1
vibrant,1
ambassadors,1
cup,1
programs.‚,1
authentic,1
demos/content,1
utilized,1
earn,1
hearts,1
minds,1
broadly,1
understands,1
effects,1
product/process,1
‚Äúthe,1
preventative,1
harm‚Äù,1
treated,1
abuse.‚,1
safeguarding-focused,1
africancontinent,1
enforcement,1
fails,1
transcripts,1
pre-designed,1
codeframe,1
zuru,1
arewa,1
ketu,1
maryland,1
ogba,1
ogudu,1
million,1
concerns,1
respected,1
mixture,1
fundamentals,1
-‚,1
familiar,1
prepaid,1
self-starters,1
trainee,1
iii,1
cote,1
d‚Äôivoire,1
interconnection,1
resourceful,1
assertive,1
audacious,1
mainone‚Äôs,1
africa‚Äôs,1
gained,1
yearly,1
mills,1
downtime,1
dots,1
blueprints,1
enquiring,1
precise,1
sinking,1
teeth,1
untangling,1
behind,1
element,1
mdoc,1
steer,1
teammate,1
ai,762
ict,400
computer,393
ngo/non-profit,75
management,65
ï,60
engineering,58
education,57
technical,54
internships,51
volunteering,48
development,47
project,44
administration,39
sales,34
marketing,34
secretarial,33
"",32
retail,32
ikeja,29
victoria,28
island,28
process,27
analyze,27
teaching,27
computer‚,26
lekki,26
statistical,25
financial,25
teaching‚,25
develop,23
identify,22
interpret,22
finance,22
accounting,21
databases,19
locate,19
maintain,18
ibadan,18
analytics,17
performance,17
reports,17
port,17
harcourt,17
ability,16
trends,16
strong,15
complex,15
efficiency,15
graduate,15
jobs‚,15
human,15
resources,15
hr,15
audit,15
ikoyi,15
collection,14
opportunities,14
systems,14
implement,14
consultancy,14
requirements,14
ngo/non-profit‚,14
customer,13
reporting,13
role,12
clients,12
analyst,12
secondary,12
indicators,12
results,12
techniques,12
strategies,12
optimize,12
define,12
entry,11
support,11
database,11
client,11
knowledge,11
î,11
improvement,11
prioritize,11
"problems",11
filter,11
reviewing,11
correct,11
code,11
clean,11
ongoing,11
"reports",11
"quality",11
acquire,11
databases/data,11
"systems",11
patterns,11
position,10
processes,10
"sets",10
printouts,10
consultancy‚,10
media,10
advertising,10
branding,10
detail,9
design,9
analytical,9
software,9
"needs",9
technology,9
product,9
yaba,9
technical‚,9
science,8
company,8
high,8
across,8
tools,8
sql,8
document,8
research,8
procurement,8
store-keeping,8
supply,8
chain,8
attention,7
statistics,7
working,7
communication,7
excel,7
care,7
excellent,6
responsible,6
members,6
senior,6
organization,6
decisions,6
improve,6
analyzing,6
insights,6
recommendations,6
writing,6
accuracy,6
solutions,6
verbal,6
packages,6
user,6
medical,6
secretarial‚,6
surulere,6
...,6
contribute,5
responsibilities,5
quality,5
organizational,5
travel,5
would,5
tasks,5
manage,5
projects,5
managing,5
collect,5
value,5
based,5
issues,5
understanding,5
professional,5
law,5
platforms,5
organize,5
written,5
report,5
degree,5
building,5
growth,5
audit‚,5
ajah,5
gbagada,5
include,4
accurately,4
integrity,4
independently,4
training,4
solution,4
hire,4
lead,4
stakeholders,4
responsibility,4
technologies,4
advantage,4
teams,4
outcomes,4
changes,4
qualifications,4
modelling,4
firm,4
volumes,4
regular,4
large,4
conduct,4
updates,4
potential,4
proven,4
programming,4
datasets,4
queries,4
economics,4
expertise,4
models,4
"systems.",4
strategy,4
microsoft,4
successful,4
environment,4
consultant,4
consulting,4
driving,4
í,4
credit,4
healthcare‚,4
legal,4
iyana,4
ipaja,4
banking‚,4
seeking,3
specialist,3
play,3
crucial,3
gathering,3
maintaining,3
market,3
growing,3
people,3
help,3
leading,3
creative,3
suitable,3
fill,3
administrator,3
perform,3
employee,3
take,3
create,3
makes,3
operational,3
practical,3
and/or,3
master,3
developing,3
need,3
structured,3
efficiently,3
bases,3
must,3
collaborate,3
documentation,3
best,3
enhance,3
similar,3
"data.",3
part,3
willingness,3
problem-solving,3
planning,3
problems,3
analyse,3
questions,3
objects,3
xml,3
javascript,3
etl,3
frameworks,3
spss,3
sas,3
disseminate,3
significant,3
amounts,3
"accuracy",3
adept,3
presenting,3
"findings",3
bs,3
mathematics,3
"analyst",3
mining,3
segmentation,3
providing,3
strategic,3
kpis,3
risk,3
-knowledge,3
effective,3
visualization,3
supporting,3
deployment,3
ideal,3
deliver,3
discipline,3
innovative,3
leadership,3
delivery,3
global,3
achievement,3
demonstrated,3
"analysis",3
volunteering‚,3
onitsha,3
mushin,3
warri,3
ilupeju,3
ikorodu,3
construction,3
water,3
summary‚,3
insightful,3
succinct,3
timely,3
portfolio,3
scb‚Äôs,3
current,3
currently,2
waterbury,2
remote,2
offers,2
organizing,2
goals,2
entering,2
requires,2
deadlines,2
tutor/instructor,2
analysts,2
industry,2
facilitate,2
documents,2
1,2
year,2
culture,2
typically,2
able,2
complexity,2
difficulty,2
could,2
train,2
includes,2
capturing,2
order,2
driven,2
move,2
one,2
accurate,2
continuously,2
retention,2
way,2
ensures,2
improved,2
improvements,2
tests,2
experiments,2
troubleshooting,2
functions,2
requests,2
testing,2
previous,2
litigation,2
review,2
additional,2
"responsibilities",2
finding,2
competitive,2
long-term,2
efficient,2
available,2
overall,2
completeness,2
provided,2
source,2
future,2
assurance,2
resolve,2
errors,2
necessary,2
collaboration,2
efforts,2
detailed,2
proper,2
guidelines,2
standards,2
internal,2
data-related,2
communicate,2
school,2
preferably,2
educational,2
meet,2
apply,2
automated,2
assess,2
completion,2
teacher,2
creation,2
decision-making,2
analyses,2
c-level,2
executives,2
regarding,2
"techniques",2
files,2
directly,2
creating,2
requested,2
qualified,2
summary,2
budgets,2
forecasts,2
risks,2
departments,2
modeling,2
investment,2
gather,2
dashboards,2
presentations,2
updated,2
economic,2
context,2
evaluate,2
initiatives,2
ad-hoc,2
preferred,2
-strong,2
collaboratively,2
industry-specific,2
tableau,2
power,2
bi,2
integration,2
services,2
system,2
ways,2
better,2
3+,2
eliciting,2
generating,2
"analysis.",2
implementing,2
multiple,2
leverage,2
build,2
core,2
acquisition,2
channels,2
mobile,2
app,2
proficiency,2
outstanding,2
thought,2
service,2
involve,2
approach,2
solving,2
"presentations.",2
plans,2
organisation,2
communications,2
kpi,2
agreed,2
"competencies",2
good,2
problem,2
interest,2
minimum,2
2,2
purpose,2
cases,2
ë,2
functional,2
oil,2
gas,2
energy,2
healthcare,2
palmgrove,2
apapa,2
dedicated,1
detail-oriented,1
flexibility,1
opportunity,1
meaningful,1
essential,1
collecting,1
verifying,1
strict,1
dynamic,1
experienced,1
aspiring,1
delivering,1
high-quality,1
online,1
onsite,1
latest,1
curriculum,1
ivisa,1
believe,1
traveling,1
simple,1
that‚Äôs,1
1.2,1
million,1
travelers,1
chosen,1
us,1
photos,1
passports,1
visas,1
easiest,1
fastest,1
simplest,1
know,1
biggest,1
strength,1
we‚Äôre,1
right,1
propel,1
achieve,1
machine,1
learning,1
institute,1
skilled,1
fast-growing,1
seek,1
individuals,1
workforce,1
entire,1
journey,1
storing,1
credible,1
trustworthy,1
spans,1
company‚Äôs,1
assets,1
critical,1
intuition,1
reliable,1
recruiting,1
1.,1
creating/redefining,1
touch,1
aspect,1
agent,1
life,1
cycle,1
2.,1
aggregated,1
b,1
credibility,1
usability,1
applicability,1
toward,1
operating,1
3.,1
captured,1
c,1
garner,1
unusual,1
4.,1
operationalizing,1
via,1
wholesale,1
alongside,1
drive,1
5.,1
automation,1
set,1
fine,1
eye,1
deep,1
popular,1
main,1
uses,1
query,1
language,1
program,1
secure,1
integrate,1
running,1
modifications,1
upgrades,1
works,1
moderate,1
direction,1
issues/problems,1
assistance,1
resolving,1
individual,1
ms,1
server,1
structure,1
scope,1
"work",1
forecast,1
case,1
activity,1
status,1
follow-up,1
capture,1
docket,1
low-level,1
first-line,1
invoice,1
cataloging,1
archiving,1
miscellaneous,1
administrative,1
power-point,1
preparations,1
comment,1
employment,1
nigerian,1
paralegal,1
capacity,1
updating,1
base,1
cold,1
increasing,1
contact,1
customers,1
studying,1
markets,1
negotiating,1
"qualifications",1
forex,1
"market",1
active,1
objection,1
handling,1
establish,1
relationships,1
cis,1
abroad,1
plus,1
hux,1
ventures,1
operation,1
success,1
platform,1
enter,1
verification,1
verify,1
entered,1
matches,1
materials,1
organized,1
manner,1
easy,1
accessibility,1
reference,1
checks,1
discrepancies,1
corrections,1
consistency,1
coordinate,1
records,1
made,1
adherence,1
follow,1
established,1
procedures,1
compliance,1
policies,1
continuous,1
suggest,1
practices,1
address,1
concerns,1
challenges,1
diploma,1
equivalent,1
certifications,1
"plus.",1
"setting.",1
proficient,1
familiarity,1
"tools.",1
precision,1
even,1
effectively,1
"deadlines.",1
"skills.",1
minimal,1
supervision,1
"required.",1
adaptability,1
learn,1
"processes.",1
"effectively.",1
full-time,1
?5,1
per,1
month,1
commute/relocate,1
akure,1
reliably,1
commute,1
relocate,1
starting,1
application,1
deadline,1
22/11/223,1
extract,1
"sources",1
removing,1
corrupted,1
fixing,1
coding,1
ñ,1
reorganizing,1
readable,1
format,1
performing,1
meaning,1
"data",1
used,1
answer,1
wide,1
range,1
topics,1
leader,1
attendance,1
lesson,1
classroom,1
"coverage.",1
pipelines,1
"practices.",1
data-driven,1
collaborating,1
"programmes.",1
accommodate,1
quick,1
time-sensitive,1
come,1
vps,1
usually,1
anywhere,1
hours,1
days,1
often,1
direct,1
staff,1
judgment,1
face,1
imperfect,1
duties,1
directors,1
vp,1
schools,1
transferring,1
paper,1
formats,1
typing,1
"customers.",1
spreadsheets,1
numbers,1
figures,1
without,1
"mistakes.",1
update/retrieve,1
electronic,1
hello,1
british,1
"school",1
hiring,1
hybrid,1
kindly,1
're,1
preparing,1
informed,1
health,1
thorough,1
limited,1
statements,1
budgeting,1
forecasting,1
annual,1
monitor,1
budget,1
vs.,1
actual,1
variance,1
highlighting,1
stay,1
conditions,1
competitor,1
assessment,1
mitigation,1
impact,1
profile,1
feasibility,1
investments,1
mergers,1
acquisitions,1
special,1
-bachelor,1
cfa,1
designation,1
-proven,1
keen,1
-proficiency,1
regulations,1
-excellent,1
-ability,1
think,1
critically,1
dynamics,1
-experience,1
fp,1
-familiarity,1
added,1
startup,1
specializes,1
integrations,1
full-fledged,1
sectors,1
vital,1
link,1
he/she,1
focus,1
objectives,1
products,1
features,1
skill,1
configuration,1
specifications,1
alerting,1
relationship,1
partners,1
common,1
findings,1
constantly,1
lookout,1
monitoring,1
discover,1
banking,1
sector,1
draw,1
business-relevant,1
conclusions,1
solid,1
basic,1
"deletion.",1
imported,1
commissioning,1
decommissioning,1
"sets.",1
processing,1
confidential,1
according,1
"guidelines.",1
helping,1
designing,1
security,1
"metadata.",1
warehouse,1
identifying,1
revising,1
"requirements.",1
"normalization.",1
assessing,1
upgraded,1
assisting,1
single,1
"reports.",1
evaluating,1
production,1
storage,1
structures,1
cleansing,1
champion,1
"stack.",1
enable,1
campaign,1
"engagement.",1
productionise,1
automate,1
"reporting.",1
in-depth,1
engagement,1
referral,1
revenue,1
"metrics.",1
generate,1
campaigns,1
"effective.",1
adoption,1
spend,1
"campaigns.",1
navigate,1
evolving,1
privacy,1
"changes.",1
comfortable,1
cross-functional,1
"delivery.",1
digital,1
"analyst.",1
"attribution.",1
"sql.",1
intelligence/,1
ie,1
looker,1
possess,1
metrics,1
ltv,1
cr,1
churn,1
easily,1
"daily.",1
"dashboard.",1
update,1
dashboard,1
weekly,1
"basis",1
actions,1
repayment,1
exceptional,1
facing,1
excellence,1
"projects.",1
relate,1
specific,1
"needs.",1
occasional,1
domestic,1
international,1
selected,1
closely,1
diagnosing,1
leveraging,1
determine,1
seize,1
"opportunities.",1
rigorous,1
social,1
"trends.",1
answers,1
"challenges.",1
recommending,1
transition,1
"new.",1
"creation",1
proposals,1
"clients.",1
embed,1
consolidate,1
unique,1
"proposition.",1
benchmarking,1
enhances,1
"reputation.",1
"satisfaction.",1
consistently,1
demonstrate,1
alignment,1
"values.",1
excelled,1
reasonably,1
preference,1
"industries.",1
track,1
record,1
demonstrating,1
several,1
"competencies.",1
competence,1
two,1
"simultaneously.",1
commercial,1
"acumen.",1
compelling,1
"cases.",1
capability,1
public,1
desire,1
focused,1
solve,1
"client.",1
"occasionally.",1
personal,1
competencies,1
emerging,1
"firm.",1
presence,1
"self-confidence.",1
micro,1
small,1
medium,1
scale,1
"enterprises.",1
occasionally,1
applicants,1
reside,1
close,1
"proximity.",1
applications,1
outside,1
axis,1
immediately,1
rejected,1
first,1
cognate,1
mandatory,1
function,1
head,1
"t",1
"lagos",1
frequency,1
occassional,1
find,1
reduce,1
waste,1
divisions,1
along,1
lines,1
execution,1
continuity,1
assist,1
streamlining,1
expected,1
utilize,1
elicit,1
interviews/meetings,1
descriptions,1
workflow,1
sufficient,1
"implementation.",1
develops,1
mockups,1
test,1
ideas,1
iterates,1
feedback,1
artifacts,1
"stories.",1
walkthroughs,1
obtain,1
"sign-off.",1
ñis,1
to-be,1
applying,1
notations,1
"documentations.",1
discovery,1
re-engineering,1
sessions,1
repeatable,1
inefficient,1
recommend,1
"improvements.",1
redesign,1
workshops,1
liaising,1
managers,1
owners,1
implementation,1
appropriate,1
"methodologies",1
2.1/,1
upper,1
bachelor,1
combination,1
elicitation,1
"skills",1
mapping,1
2-4,1
analyst/business,1
workflows,1
representation,1
standard,1
"techniques.",1
translating,1
actionable,1
stories,1
"teams",1
abstract,1
systematic,1
"solving",1
proactive,1
sense,1
independent,1
"requirements",1
interpersonal,1
listen,1
observation,1
non,1
considerable,1
suites,1
librecalc,1
powerpoint,1
msword,1
oshodi,1
isolo,1
alausa,1
logistics,1
ijora,1
anthony,1
village,1
festac,1
town,1
care‚,1
construction‚,1
epe,1
real,1
estate,1
management‚,1
abule,1
myjobmag,1
ketu,1
maryland,1
ogba,1
ogudu,1
safety,1
hse,1
responsibilitiesdeveloping,1
workplans,1
timelines,1
assignmentssupporting,1
consensus,1
around,1
brief,1
descriptionthe,1
costing,1
plan,1
preparation,1
group,1
companies,1
mba,1
tissue,1
plants,1
brings,1
upward,1
roots,1
company.xylem,1
